,House Cost,Income,State_Minimum_Wage,Multiplied_Income,Multiplied_Wage,Income_Percentage,Minimum_Wage_Yearly,clusters,cluster
0,137250.036361,44480.0,5.85,3.085657292288669,11.279588787064432,32.40800598624768,12168.0,0,pink
1,114877.18181166668,39590.0,6.25,2.901671680011788,8.836706293205129,34.46289278309866,13000.0,0,pink
2,201922.8181714285,46910.0,6.9,4.304472781313761,14.069315647396078,23.231648817507256,14352.0,2,dark purple
3,336043.1818111111,57010.0,8.0,5.894460301896354,20.19490275307158,16.965081598365877,16640.0,1,purple
4,230399.3522875,60940.0,7.02,3.780757339801444,15.779048343161024,26.449727134630585,14601.6,2,dark purple
5,269690.0,64680.0,7.65,4.169604205318491,16.94884364002011,23.983091697875334,15912.0,2,dark purple
6,210382.95455,50700.0,7.15,4.149565178500986,14.146244926707908,24.098910536000933,14872.0,2,dark purple
7,191100.05928260868,44860.0,6.79,4.259921071837019,13.530932032585298,23.47461333523644,14123.2,2,dark purple
8,135955.6039035714,46230.0,5.15,2.9408523448750032,12.691897302424517,34.00374730620838,10712.0,0,pink
9,395057.27273333335,61520.0,7.25,6.421607164065887,26.197431878868255,15.57242563194792,15080.0,1,purple
10,133111.36364999998,50140.0,7.25,2.6547938502193853,8.82701350464191,37.66770816940692,15080.0,0,pink
11,155434.90906666665,47420.0,5.85,3.277834438352312,12.774072079772075,30.507947207445767,12168.0,0,pink
12,109965.42207928572,53250.0,7.75,2.0650783489067743,6.821676307647998,48.42431283681741,16120.0,0,pink
13,105640.19835,46520.0,5.85,2.2708555105331043,8.681804598126233,44.03626718483911,12168.0,0,pink
14,116103.0,47880.0,2.65,2.424874686716792,21.06367924528302,41.23924446396734,5512.0,0,pink
15,121147.94805,41150.0,5.85,2.9440570607533414,9.956274494575938,33.96673295945271,12168.0,0,pink
16,134191.431825,39560.0,5.85,3.39209888334176,11.028224180226823,29.4802726686682,12168.0,0,pink
17,253549.27274,60320.0,8.0,4.203403062665783,15.23733610216346,23.790247689589965,16640.0,2,dark purple
18,196141.4545375,63710.0,6.15,3.078660407118192,15.333134344707627,32.48165980528067,12792.0,2,dark purple
19,161086.03033333333,47230.0,7.0,3.410671825816924,11.063600984432234,29.319736728422413,14560.0,0,pink
20,116241.72158875,49790.0,7.15,2.334639919436634,7.8161458841278915,42.8331577677001,14872.0,0,pink
21,150778.67534285714,54930.0,5.25,2.744924000416114,13.807571002093145,36.43088114091341,10920.0,0,pink
22,121736.62337111113,46040.0,6.65,2.6441490740901634,8.801086131514685,37.8193502703358,13832.0,0,pink
23,129805.2273,36450.0,5.85,3.5611859341563785,10.667753722879684,28.08053324059007,12168.0,0,pink
24,196231.52275,42900.0,4.0,4.574161369463869,23.58551956129808,21.861930947075628,8320.0,2,dark purple
25,162501.8181665,42930.0,6.15,3.785274124539949,12.703394165611318,26.418165953081065,12792.0,0,pink
26,142256.63635000002,49630.0,5.85,2.866343670159178,11.691045064924394,34.88765183361514,12168.0,0,pink
27,129142.04545,50730.0,5.85,2.5456740676128526,10.613251598454964,39.28232654456535,12168.0,0,pink
28,214881.81816666664,66180.0,6.5,3.2469298604815147,15.89362560404339,30.79832466266153,13520.0,2,dark purple
29,253393.1818,65310.0,7.15,3.879852730056653,17.038272041420118,25.77417416524978,14872.0,2,dark purple
30,183217.8182,42100.0,6.5,4.351967178147269,13.55161377218935,22.978114472492937,13520.0,0,pink
31,253648.4091,54740.0,6.33,4.633693991596639,19.26482630787459,21.58105394558929,13166.4,2,dark purple
32,140712.36364642857,50460.0,7.15,2.788592224463507,9.461562913288637,35.86038830730758,14872.0,0,pink
33,105116.91735545456,46930.0,7.0,2.239866127326967,7.219568499687813,44.64552536420513,14560.0,0,pink
34,100026.81818,46110.0,2.0,2.1693085703751898,24.044908216346155,46.09763745261221,4160.0,0,pink
35,223785.2121333333,51730.0,7.95,4.326023818545009,13.533213118851796,23.11591525948497,16536.0,2,dark purple
36,140053.10100722223,51400.0,7.15,2.7247685020860355,9.41723379553673,36.700365525893936,14872.0,0,pink
37,239126.1818,53240.0,7.4,4.491475991735537,15.53574465956341,22.26439597673533,15392.0,2,dark purple
38,161191.02727,42160.0,5.85,3.823316586100569,13.247125844017091,26.15530201279795,12168.0,0,pink
39,129680.5455,51600.0,5.85,2.51318886627907,10.657507026627218,39.79008555296369,12168.0,0,pink
40,113160.494320625,39700.0,5.85,2.8503902851542824,9.299843385981674,35.08291496811193,12168.0,0,pink
41,130594.64334846154,46490.0,5.85,2.8090910593345138,10.732630123969557,35.59870359762935,12168.0,0,pink
42,237227.2727333333,62540.0,5.85,3.793208710158831,19.49599545803199,26.362904770355428,12168.0,2,dark purple
43,212142.2841,61990.0,5.85,3.4222017115663816,17.43444149408284,29.22095435287152,12168.0,2,dark purple
44,218314.5757555556,56630.0,8.07,3.855104639865012,13.006063277783074,25.939633120698264,16785.600000000002,2,dark purple
45,143507.16042352942,51200.0,6.5,2.802874227022059,10.614434942568744,35.677662249670746,13520.0,0,pink
46,94840.81818,37990.0,6.55,2.496467969992103,6.961304916324134,40.05659243459724,13624.0,0,pink
47,169667.45455,53340.0,5.15,3.180867164416948,15.839008079723676,31.43796796001381,10712.0,0,pink
48,137360.766667,39980.0,6.55,3.435737035192596,10.082264141735171,29.10583638261312,13624.0,0,pink
49,116049.72222666668,36540.0,6.25,3.17596393614304,8.926901709743591,31.486503628703726,13000.0,0,pink
50,180134.9642714286,45740.0,7.25,3.938237085077144,11.945289407919669,25.39207209716302,15080.0,0,pink
51,274605.09876296297,56130.0,8.0,4.892305340512435,16.502710262197294,20.440261398223704,16640.0,2,dark purple
52,268239.39814444445,55930.0,7.28,4.795984232870453,17.71445729504203,20.8507774722497,15142.4,2,dark purple
53,248907.75,64850.0,8.0,3.838207401696222,14.9583984375,26.05382917968605,16640.0,2,dark purple
54,205079.625,52110.0,7.15,3.935513816925734,13.789646651425498,25.40964271804184,14872.0,2,dark purple
55,160446.02173913043,45630.0,7.21,3.516239792661197,10.698683835160196,28.43947111022168,14996.8,0,pink
56,132787.26785714284,43340.0,5.15,3.0638502043641638,12.3961228395391,32.63867138724978,10712.0,0,pink
57,380432.859825,55650.0,7.25,6.83616998787062,25.227643224469496,14.62807393283512,15080.0,1,purple
58,129820.8788,50720.0,7.25,2.5595599132492115,8.608811591511937,39.069216345498965,15080.0,0,pink
59,143441.66666666666,46780.0,6.55,3.0663032635029213,10.528601487570953,32.612560274211354,13624.0,0,pink
60,118551.92261714286,52870.0,8.0,2.242328780350725,7.124514580357143,44.59649310854355,16640.0,0,pink
61,100157.97784923078,44310.0,6.55,2.260392187976321,7.351583811599441,44.24011042505318,13624.0,0,pink
62,116554.1667,44720.0,2.65,2.606309631037567,21.14553096879536,38.368426686199285,5512.0,0,pink
63,121228.61905714286,42660.0,6.55,2.8417397809925657,8.898166401728043,35.189710426291,13624.0,0,pink
64,140320.3541625,45430.0,6.55,3.0887156980519483,10.299497516331474,32.37591600388147,13624.0,0,pink
65,234418.75,59370.0,8.0,3.948437763180057,14.087665264423077,25.326472391820197,16640.0,2,dark purple
66,189065.833325,64190.0,6.55,2.9454094613646986,13.877409962199062,33.951136951148015,13624.0,2,dark purple
67,143922.020825,47500.0,7.25,3.0299372805263163,9.543900585212205,33.00398349586612,15080.0,0,pink
68,106628.2509782353,45990.0,7.4,2.3185094798485606,6.927511108253333,43.131158560771446,15392.0,0,pink
69,141231.04761428572,56090.0,5.25,2.517936309757278,12.933246118524334,39.7150633288416,10920.0,0,pink
70,121268.46591,48770.0,7.05,2.4865381568587246,8.269808095335515,40.21655558518808,14664.0,0,pink
71,130341.6667,35080.0,6.55,3.7155549230330673,9.567063028479154,26.91388017980593,13624.0,0,pink
72,187220.77085,40440.0,4.0,4.629593740108803,22.50249649639423,21.600167447446445,8320.0,0,pink
73,158803.416668,41910.0,6.55,3.789153344500119,11.656152133587783,26.391119838194992,13624.0,0,pink
74,144089.58335,50080.0,6.55,2.8771881659345047,10.576158496036406,34.75615574399535,13624.0,0,pink
75,127745.45835,49600.0,6.55,2.575513273185484,9.376501640487374,38.82721205172301,13624.0,0,pink
76,188063.125,64130.0,7.25,2.932529627319507,12.47102950928382,34.10025224243189,15080.0,2,dark purple
77,237196.5625,64780.0,7.15,3.661570893794381,15.949204041151155,27.310682464042877,14872.0,2,dark purple
78,178808.33335,43540.0,7.5,4.10676006775379,11.462072650641026,24.35009553764738,15600.0,0,pink
79,196084.84090000004,51430.0,6.55,3.812654888197551,14.392604293893132,26.22844262919255,13624.0,2,dark purple
80,141926.17777066666,50220.0,7.15,2.826088764848002,9.5431803234714,35.38459274310104,14872.0,0,pink
81,99753.65639,45880.0,7.3,2.174229651046208,6.569655979320338,45.993301559419656,15184.0,0,pink
82,102571.666666,45880.0,2.0,2.235650973539669,24.656650640865383,44.72970118482836,4160.0,0,pink
83,196091.56945,49100.0,8.4,3.993718318737271,11.223189643429489,25.0393222603686,17472.0,2,dark purple
84,137560.20370722222,48170.0,7.15,2.855723556305215,9.249610254654533,35.017395076357374,14872.0,0,pink
85,211375.0,51630.0,7.4,4.094034476079798,13.732783264033264,24.425783560023653,15392.0,2,dark purple
86,157401.85833,41100.0,6.55,3.829728913138686,11.553277916177333,26.111508743328827,13624.0,0,pink
87,129680.5455,45830.0,6.55,2.829599509055204,9.518536810041104,35.34069032737065,13624.0,0,pink
88,113543.61319235292,40520.0,6.55,2.8021622209366464,8.334087873778106,35.68672764654366,13624.0,0,pink
89,130899.41667461538,47480.0,6.55,2.7569380091536515,9.608001811113873,36.27212496906989,13624.0,0,pink
90,220055.4583333333,58490.0,6.55,3.762274890294637,16.15204479839499,26.579663346228443,13624.0,2,dark purple
91,201066.208325,60500.0,6.55,3.323408402066116,14.758236077877276,30.08959113716852,13624.0,2,dark purple
92,210677.6759333333,60390.0,8.55,3.4886185781310366,11.846473005698003,28.664641249939443,17784.0,2,dark purple
93,137628.59804117648,51240.0,6.5,2.685960149125224,10.179630032631396,37.23063427898157,13520.0,0,pink
94,89833.33333,40490.0,7.25,2.218654811805384,5.957117594827586,45.07235621688581,15080.0,0,pink
95,169919.5,52470.0,5.15,3.238412426148275,15.862537341299475,30.87932815244866,10712.0,0,pink
96,135487.333343,40930.0,7.25,3.31022070224774,8.984571176591512,30.20946607339413,15080.0,0,pink
97,118584.02779999998,38590.0,6.25,3.0729211661052083,9.121848292307693,32.542325232100104,13000.0,0,pink
98,162125.11175,46900.0,7.25,3.4568254104477614,10.751002105437667,28.928276128081063,15080.0,0,pink
99,267269.9396586207,54280.0,8.0,4.923911931809519,16.061895412176725,20.30905535778955,16640.0,2,dark purple
100,280636.60834,60230.0,7.24,4.659415712103603,18.635558883606038,21.46191844188392,15059.2,2,dark purple
101,258195.25002,66000.0,8.25,3.9120492427272726,15.04634324125874,25.562050423037448,17160.0,2,dark purple
102,203927.20835,55210.0,7.25,3.693664342510415,13.523024426392572,27.073385864844063,15080.0,2,dark purple
103,148791.27899260868,44070.0,7.25,3.376248672398654,9.866795689165032,29.61867140223266,15080.0,0,pink
104,129218.95001333332,44120.0,5.15,2.928806663946812,12.063008776450086,34.14359890360317,10712.0,0,pink
105,377184.3125,59540.0,7.25,6.334973337252268,25.01222231432361,15.785386090255276,15080.0,1,purple
106,118771.1647725,49020.0,7.25,2.4229123780599755,7.876071934515915,41.27264399056393,15080.0,0,pink
107,131297.36113333332,47050.0,7.25,2.7905921601133543,8.706721560565871,35.834688217549484,15080.0,0,pink
108,112260.289904,50730.0,8.25,2.2128974946579936,6.541974936130536,45.18962140876532,17160.0,0,pink
109,104092.93589461538,46140.0,7.25,2.2560237515087858,6.902714581871046,44.32577446630245,15080.0,0,pink
110,118070.1667,46050.0,7.25,2.5639558458197613,7.829586651193634,39.00223171278033,15080.0,0,pink
111,123041.64285714286,41100.0,7.25,2.9937139381299964,8.159260136415309,33.403325122795245,15080.0,0,pink
112,140192.7291875,39300.0,7.25,3.5672450174936383,9.296600078746684,28.03283752857,15080.0,0,pink
113,245230.83334,60930.0,8.0,4.02479621434433,14.737429888221154,24.845978448200952,16640.0,2,dark purple
114,183440.1041675,64200.0,7.25,2.857322494820872,12.1644631410809,34.99779957679194,15080.0,0,pink
115,146730.81247499998,47930.0,7.5,3.061356404652618,9.4058213125,32.66525904923093,15600.0,0,pink
116,104835.79670833336,46280.0,7.4,2.265250577103141,6.811057478452012,44.145226585874,15392.0,0,pink
117,134156.90556666665,52320.0,5.25,2.5641610391182463,12.285430912698413,38.99911061529412,10920.0,0,pink
118,119413.908337,45820.0,7.25,2.606152517175906,7.918694186803713,38.37073975561591,15080.0,0,pink
119,122513.9167,38160.0,7.25,3.2105324082809226,8.1242650331565,31.147481876236515,15080.0,0,pink
120,186467.5,41280.0,4.0,4.5171390503875966,22.411959134615383,22.13790606942229,8320.0,0,pink
121,150910.4617947826,43830.0,7.25,3.443086055094287,10.007325052704417,29.043712065239557,15080.0,0,pink
122,151024.91665,51010.0,7.25,2.960692347578906,10.014914897214856,33.775883563780134,15080.0,0,pink
123,129883.33335,52500.0,7.25,2.4739682542857144,8.612953139920425,40.420890537608,15080.0,0,pink
124,188572.916675,66630.0,7.25,2.8301503328080444,12.50483532327586,35.333812073785175,15080.0,2,dark purple
125,239692.270825,62970.0,7.25,3.8064518155470863,15.89471291942971,26.271185042080297,15080.0,2,dark purple
126,176131.04165,45130.0,7.5,3.902748540881897,11.290451387820513,25.622967750159788,15600.0,0,pink
127,173205.01666,51200.0,6.55,3.382910481640625,12.713227881679389,29.560344721715055,13624.0,0,pink
128,145095.253698,49780.0,7.25,2.914729885456006,9.621701173607429,34.30849647474456,15080.0,0,pink
129,99854.18333733334,45890.0,7.3,2.175946466274425,6.576276563312259,45.9570129825925,15184.0,0,pink
130,106461.249994,43100.0,2.0,2.47009860774942,25.59164663317308,40.48421374202262,4160.0,0,pink
131,189562.61805,50600.0,8.4,3.7462967994071135,10.849508816964285,26.69302656848382,17472.0,2,dark purple
132,137581.82407055554,48310.0,7.25,2.847895344039651,9.123463134652225,35.11364987807211,15080.0,0,pink
133,213631.3333,51620.0,7.4,4.138538033707865,13.87937456470894,24.16312214253264,15392.0,2,dark purple
134,161436.09166,41700.0,7.25,3.871369104556355,10.705311118037136,25.83065507298345,15080.0,0,pink
135,143054.1667,45350.0,7.25,3.154446895259096,9.486350576923076,31.70127864580403,15080.0,0,pink
136,114240.01469941175,38590.0,7.25,2.960352803819947,7.57559779173818,33.77975755827586,15080.0,0,pink
137,130445.50270214288,47270.0,7.25,2.7595833023512357,8.65023227467791,36.23735507994901,15080.0,0,pink
138,213898.6389,56700.0,7.25,3.772462767195767,14.184259874005305,26.50788256137894,15080.0,2,dark purple
139,203735.625,60370.0,7.25,3.3747825906907405,13.510319960212202,29.63153842142237,15080.0,2,dark purple
140,209117.15740000003,56160.0,8.55,3.723596107549858,11.758724550157446,26.8557590865569,17784.0,2,dark purple
141,134585.69444444444,50350.0,7.25,2.673002868807238,8.924780798703212,37.41110837064778,15080.0,0,pink
142,93985.16667,42780.0,7.25,2.1969417173913044,6.232438108090186,45.51782107298784,15080.0,0,pink
143,168092.0833,52200.0,5.15,3.2201548524904213,15.691942055638537,31.05440718872928,10712.0,0,pink
144,132609.175004,42590.0,7.25,3.113622329279173,8.793711870291776,32.116933084543604,15080.0,0,pink
145,118323.00001666666,41300.0,6.25,2.8649636807909604,9.101769232051282,34.90445644057588,13000.0,0,pink
146,147805.12542222222,48620.0,7.35,3.040006693176105,9.66804849700564,32.89466441783491,15288.0,0,pink
147,246635.45555666665,53370.0,8.0,4.621237690775092,14.821842281049678,21.639224530610026,16640.0,2,dark purple
148,272027.6666666667,58630.0,7.36,4.639735061686282,17.769365767837236,21.552954785236302,15308.8,2,dark purple
149,243652.68332,65420.0,8.25,3.724437225924794,14.19887431934732,26.849694043418754,17160.0,2,dark purple
150,189007.08335,54660.0,7.25,3.457868337907062,12.5336262168435,28.91955107247572,15080.0,2,dark purple
151,140227.64130478262,45110.0,7.25,3.108571077472459,9.29891520588744,32.1691212804144,15080.0,0,pink
152,117698.39432764704,45970.0,5.15,2.560330527031696,10.98752747644203,39.05745720882937,10712.0,0,pink
153,358858.145825,59050.0,7.25,6.077191292548688,23.796959272214856,16.454969933661808,15080.0,1,purple
154,122641.666675,50220.0,7.25,2.4420881456591,8.132736516909814,40.94856288367544,15080.0,0,pink
155,119189.72223333332,47460.0,7.25,2.511372149880601,7.903827734305923,39.81886953901051,15080.0,0,pink
156,104271.52123764704,50640.0,8.25,2.059074274045163,6.076428976552858,48.56551376534106,17160.0,0,pink
157,100186.83333142856,44450.0,7.25,2.253922009705929,6.643689212959453,44.36710745508318,15080.0,0,pink
158,118016.6667,46150.0,7.25,2.557240881906825,7.826038905835544,39.10464622536234,15080.0,0,pink
159,121225.638875,39860.0,7.25,3.0412854710235826,8.038835469164457,32.88083310585893,15080.0,0,pink
160,141761.84375,40660.0,7.25,3.4865185378750616,9.40065276856764,28.68190686889257,15080.0,0,pink
161,236666.05,63310.0,8.0,3.7382096035381456,14.22271935096154,26.750773928072917,16640.0,2,dark purple
162,175476.458325,68880.0,7.25,2.547567629573171,11.63636991545093,39.25312868602997,15080.0,0,pink
163,144125.416675,49690.0,7.5,2.900491380056349,9.238808761217948,34.47691680368216,15600.0,0,pink
164,101441.89583449998,48880.0,7.4,2.0753252011968084,6.590559760557431,48.18521932964122,15392.0,0,pink
165,129558.32574818184,57820.0,5.25,2.240718190041194,11.864315544705295,44.62854831296816,10920.0,0,pink
166,115899.22045,45770.0,7.25,2.5322093172383657,7.685624698275862,39.491206086019886,15080.0,0,pink
167,113260.416665,41090.0,7.25,2.7563985559746897,7.510637709880636,36.27922376582403,15080.0,0,pink
168,182503.3125,40280.0,4.0,4.530866745283019,21.935494290865385,22.07083227598951,8320.0,0,pink
169,145325.79155384615,45210.0,7.25,3.214461215524135,9.636988829830647,31.1094125252012,15080.0,0,pink
170,153889.5833,56360.0,7.25,2.7304752182398864,10.20487952917772,36.62366145350398,15080.0,0,pink
171,129060.25,55620.0,7.25,2.320392844300611,8.55837201591512,43.09615082877959,15080.0,0,pink
172,179248.95835,65880.0,7.25,2.7208402906800244,11.886535699602122,36.75335165483264,15080.0,0,pink
173,232161.750025,62340.0,7.25,3.724121752085338,15.395341513594165,26.851968506132906,15080.0,2,dark purple
174,165845.83335,41980.0,7.5,3.9505915519294894,10.63114316346154,25.312664871963158,15600.0,0,pink
175,145747.40278333332,47040.0,7.25,3.098371657808957,9.664947134173298,32.27501766870537,15080.0,0,pink
176,142486.322908125,50640.0,7.25,2.8137109579013626,9.448695153058686,35.54025324427286,15080.0,0,pink
177,98290.40510736842,44650.0,7.4,2.201352857947781,6.385811142630485,45.42661102192647,15392.0,0,pink
178,102757.31945,48460.0,2.0,2.1204564475856373,24.70127871394231,47.15965758875195,4160.0,0,pink
179,166992.22024285715,51530.0,8.5,3.2406796088270355,9.445261325953458,30.85772494374876,17680.0,0,pink
180,131105.0549215,49910.0,7.25,2.626829391334402,8.693969159250663,38.0687075947483,15080.0,0,pink
181,202187.5,49030.0,7.4,4.123750764837855,13.135882276507276,24.249768160741887,15392.0,2,dark purple
182,153677.77499,40080.0,7.25,3.834275823103793,10.190833885278517,26.080544179279048,15080.0,0,pink
183,137664.8333,47220.0,7.25,2.915392488352393,9.128967725464191,34.30069892802464,15080.0,0,pink
184,111950.57870944444,42280.0,7.25,2.647837717820351,7.423778429008252,37.76666497609909,15080.0,0,pink
185,132539.68021941176,49050.0,7.25,2.7021341533009533,8.789103462825715,37.00778507900469,15080.0,0,pink
186,196456.80556666665,55490.0,7.25,3.5404001724034355,13.02763962643678,28.24539462501325,15080.0,2,dark purple
187,197140.9895875,62620.0,7.25,3.1482112677658893,13.07300991959549,31.764069020362932,15080.0,2,dark purple
188,199282.62963333333,56850.0,8.67,3.505411251245969,11.050629360379144,28.527323281813462,18033.6,2,dark purple
189,125265.01852444444,52060.0,7.25,2.406166318179878,8.30669884114353,41.55988688082213,15080.0,0,pink
190,92366.66667,41820.0,7.25,2.2086720868005743,6.12511052188329,45.27607361799797,15080.0,0,pink
191,165967.0833,54510.0,5.15,3.0447089212988443,15.493566402165795,32.84386211780828,10712.0,0,pink
192,140877.35834,43460.0,7.25,3.241540688909342,9.341999889920425,30.84952792421874,15080.0,0,pink
193,122112.20237142856,39020.0,6.25,3.1294772519587024,9.393246336263736,31.95421853199642,13000.0,0,pink
194,150105.9537111111,47040.0,7.65,3.191027927532124,9.433506392100998,31.337864246565207,15912.0,0,pink
195,252492.79444,57020.0,8.0,4.428144413188355,15.173845819711538,22.58282266092536,16640.0,2,dark purple
196,259196.2613642857,57260.0,7.64,4.526654931265904,16.310678952142425,22.09136802306122,15891.2,2,dark purple
197,239069.99998,64250.0,8.25,3.7209338518287938,13.93181818065268,26.874973859277617,17160.0,2,dark purple
198,190256.16665,48970.0,7.25,3.88515757913008,12.616456674403183,25.738981743538663,15080.0,2,dark purple
199,141325.63888333333,46070.0,7.67,3.067628367339556,8.858542202595862,32.598472834806394,15953.6,0,pink
200,120859.4901982353,48120.0,5.15,2.511626978350692,11.282626045391645,39.81482953558132,10712.0,0,pink
201,365012.97915,56260.0,7.25,6.4879662131176685,24.205104718169764,15.413150549060417,15080.0,1,purple
202,124318.75,53440.0,7.25,2.3263239146706587,8.243948938992043,42.98627519983913,15080.0,0,pink
203,133340.92805,47920.0,7.25,2.782573623747913,8.842236608090184,35.93795296072263,15080.0,0,pink
204,107180.6715682353,51740.0,8.25,2.071524382841811,6.245959881598793,48.27362923086402,17160.0,0,pink
205,104806.43452642857,46160.0,7.25,2.270503347626269,6.9500288147499045,44.04309736188959,15080.0,0,pink
206,119895.8333,50000.0,7.25,2.397916666,7.950652075596817,41.7028670837054,15080.0,0,pink
207,121920.1458375,41090.0,7.25,2.96714884004624,8.084890307526525,33.70238750761206,15080.0,0,pink
208,145216.46875,39090.0,7.25,3.714926291890509,9.629739307029178,26.918434483692128,15080.0,0,pink
209,235907.45,63660.0,8.0,3.705740653471568,14.177130408653849,26.985158798503395,16640.0,2,dark purple
210,178056.87501750002,71840.0,7.25,2.478519975187918,11.807485080736075,40.34665889364807,15080.0,0,pink
211,148530.47915,49160.0,7.5,3.0213685750610253,9.521184560897437,33.097583931142935,15600.0,0,pink
212,104606.64393636365,50020.0,7.4,2.0912963601831995,6.79616969441032,47.81723045280866,15392.0,0,pink
213,133395.79546636363,61800.0,5.25,2.158508017255075,12.215732185564436,46.32829676823146,10920.0,0,pink
214,121585.391664,49760.0,7.25,2.443436327652733,8.062691754907162,40.92596924596933,15080.0,0,pink
215,116989.58335,36640.0,7.25,3.1929471438318777,7.757929930371353,31.31902768675003,15080.0,0,pink
216,185285.9375,45090.0,4.0,4.109246784209359,22.269944411057693,24.33536004317651,8320.0,0,pink
217,147863.15327964287,41550.0,7.25,3.558679982662885,9.805248891223002,28.100306992249447,15080.0,0,pink
218,160575.0,55770.0,7.25,2.8792361484669176,10.648209549071618,34.73143390938814,15080.0,0,pink
219,132725.0,52200.0,7.25,2.542624521072797,8.801392572944296,39.32944057261255,15080.0,0,pink
220,176597.916675,67820.0,7.25,2.6039209182394574,11.710737180039787,38.40362405000042,15080.0,0,pink
221,228819.374975,66690.0,7.25,3.431089743214875,15.173698605769232,29.14525922784568,15080.0,2,dark purple
222,165757.66665,43420.0,7.5,3.8175418390142792,10.625491451923075,26.194866806180396,15600.0,0,pink
223,145303.02777166668,47330.0,7.25,3.069998473941827,9.63547929520336,32.57330609405863,15080.0,0,pink
224,140708.11979625002,47680.0,7.25,2.951093116532089,9.33077717481764,33.885748789083536,15080.0,0,pink
225,100190.8166785,44380.0,7.7,2.2575668471946826,6.255670372034216,44.29547684236366,16016.0,0,pink
226,108327.73609333334,48410.0,2.0,2.237714027955657,26.040321176282053,44.68846275739647,4160.0,0,pink
227,171547.55706,51780.0,8.8,3.3130080544611817,9.372134891826922,30.18404976871199,18304.0,0,pink
228,132702.7375085,51900.0,7.25,2.556892822899808,8.799916280404508,39.10996937548154,15080.0,0,pink
229,196072.5,56070.0,7.4,3.496923488496522,12.738597972972974,28.596565046092643,15392.0,2,dark purple
230,153789.80833,44400.0,7.25,3.463734421846847,10.198263151856764,28.870573727959336,15080.0,0,pink
231,151623.0644,49420.0,7.25,3.068050675839741,10.054579867374006,32.59398574719744,15080.0,0,pink
232,113541.85185944445,43000.0,7.25,2.640508182777778,7.529300521183319,37.87149786250667,15080.0,0,pink
233,135880.591665,51930.0,7.25,2.6166106617562104,9.010649314655174,38.21737848185723,15080.0,0,pink
234,207521.8610833333,58340.0,7.25,3.557111091589532,13.761396623563217,28.11270084773033,15080.0,2,dark purple
235,200740.947925,64630.0,7.25,3.1060025982515858,13.311733947281166,32.19572322840021,15080.0,2,dark purple
236,195305.12963333333,62190.0,9.04,3.1404587495310072,10.386802758750283,31.842481616717272,18803.2,2,dark purple
237,127056.25925888888,53080.0,7.25,2.3936748164824584,8.425481383215443,41.77676905460012,15080.0,0,pink
238,101287.5,43550.0,7.25,2.3257749712973594,6.716677718832892,42.99642107861286,15080.0,0,pink
239,176419.5833,57510.0,5.15,3.0676331646670145,16.46934123412995,32.598421855585464,10712.0,0,pink
240,149135.32224,47320.0,7.25,3.1516340287404905,9.88961022811671,31.729572370420083,15080.0,0,pink
241,119430.20835375,39380.0,6.25,3.032763035900204,9.186939104134616,32.97323226914014,13000.0,0,pink
242,160833.32408888888,52610.0,7.8,3.0570865631797925,9.913296603111988,32.71088270918511,16224.0,0,pink
243,295483.9527733333,60790.0,8.0,4.860732896419367,17.757449084935896,20.57302923879329,16640.0,2,dark purple
244,262446.01785,67910.0,7.78,3.864615194374908,16.21799101801958,25.875797452112117,16182.4,2,dark purple
245,239710.51666,69290.0,8.25,3.459525424447972,13.969144327505829,28.905698826004944,17160.0,2,dark purple
246,192883.91665,54090.0,7.25,3.5659810806063965,12.790710653183025,28.04277357046296,15080.0,2,dark purple
247,155501.44097916668,48530.0,7.79,3.204233277955217,9.59695868588715,31.20871401217549,16203.2,0,pink
248,123948.82895052632,46990.0,5.15,2.6377703543419093,11.57102585423136,37.91080593327418,10712.0,0,pink
249,390027.97915,64240.0,7.25,6.071419351650063,25.86392434681698,16.470613246772757,15080.0,1,purple
250,128575.520825,60160.0,7.25,2.137226077543218,8.526228171419097,46.78962186113315,15080.0,0,pink
251,145320.854175,48470.0,7.25,2.998160804105632,9.636661417440315,33.35378137925812,15080.0,0,pink
252,107129.5147152941,53940.0,8.25,1.986086665096294,6.242978713012477,50.35027008509297,17160.0,0,pink
253,107810.00594785716,49460.0,7.25,2.17974132527006,7.149204638452066,45.87700331258823,15080.0,0,pink
254,120783.1667,47820.0,7.25,2.525787676704308,8.009493812997347,39.59160974705592,15080.0,0,pink
255,120280.47223333332,44880.0,7.25,2.680046172756981,7.976158636162687,37.31278998717001,15080.0,0,pink
256,148850.104175,46430.0,7.25,3.20590360058152,9.870696563328911,31.192453816097576,15080.0,0,pink
257,245292.93332,62530.0,8.0,3.922803987206141,14.741161858173076,25.49196960290156,16640.0,2,dark purple
258,206485.333334,69350.0,7.25,2.977438115847152,13.692661361671089,33.58592054953512,15080.0,2,dark purple
259,151954.56252500002,54960.0,7.5,2.764821006641194,9.740677084935898,36.16870667569314,15600.0,0,pink
260,111589.35226636364,56570.0,7.4,1.9725888680637025,7.2498279798832925,50.69480093850485,15392.0,0,pink
261,142782.23484272728,64320.0,5.25,2.219873054146879,13.075296231018982,45.04762099490012,10920.0,0,pink
262,125666.058343,46300.0,7.35,2.714169726630669,8.219914857600733,36.84367967810861,15288.0,0,pink
263,121648.5833,32340.0,7.25,3.761551740878169,8.066882181697613,26.58477322357769,15080.0,0,pink
264,194763.333325,43200.0,4.0,4.508410493634259,23.409054486177887,22.1807664011955,8320.0,2,dark purple
265,147772.03735413792,46340.0,7.25,3.1888657176119533,9.79920672109668,31.359112880703872,15080.0,0,pink
266,178976.83329999997,59150.0,7.25,3.0258129044801345,11.868490271883289,33.04897003113979,15080.0,0,pink
267,135760.41665,57620.0,7.25,2.3561335760152726,9.002680149204243,42.442415412254114,15080.0,0,pink
268,186272.916675,69100.0,7.25,2.6957006754703325,12.352315429376658,37.09610674135863,15080.0,2,dark purple
269,224881.3125,63750.0,7.25,3.52755,14.912553879310344,28.34828705475472,15080.0,2,dark purple
270,149147.63890000002,40170.0,7.5,3.712911100323625,9.560746083333337,26.93304452974481,15600.0,0,pink
271,173935.41668333334,51850.0,7.25,3.3545885570556093,11.534178825154733,29.809915075776694,15080.0,0,pink
272,145296.192710625,49970.0,7.25,2.9076684552856715,9.635026041818634,34.39181651478048,15080.0,0,pink
273,102325.62540142858,50750.0,7.85,2.016268480816327,6.266880536589207,49.59656957961918,16328.0,0,pink
274,113454.7639,46160.0,2.0,2.4578588366551126,27.27277978365385,40.68581909939526,4160.0,0,pink
275,185287.03333333333,49000.0,8.95,3.781368027210884,9.953106646612232,26.445455528368512,18616.0,0,pink
276,133818.07501149998,55160.0,7.25,2.4259984592367654,8.873877653282491,41.22014159541578,15080.0,0,pink
277,205066.6667,56320.0,7.75,3.6410984854403408,12.721257239454095,27.464239267317257,16120.0,2,dark purple
278,153595.03030909091,43560.0,7.25,3.5260567104933638,10.185346837472872,28.3602925904184,15080.0,0,pink
279,156614.625,53410.0,7.25,2.932309024527242,10.385585212201592,34.10281766469766,15080.0,0,pink
280,117257.31944666668,43360.0,7.25,2.704273972478475,7.775684313439434,36.97850181516546,15080.0,0,pink
281,143524.05555714286,51410.0,7.25,2.7917536579876066,9.517510315460402,35.819779339729955,15080.0,0,pink
282,230311.09725,61050.0,7.25,3.772499545454546,15.272619181034482,26.507624134902603,15080.0,2,dark purple
283,209423.53125,65910.0,7.25,3.177416647701411,13.887502072281167,31.472108032272523,15080.0,2,dark purple
284,203448.75926666663,63920.0,9.19,3.182865445348352,10.64329744217516,31.418230433255214,19115.2,2,dark purple
285,132145.11110944446,51730.0,7.25,2.554515969639368,8.762938402483055,39.146359305836505,15080.0,0,pink
286,103564.5833,43070.0,7.25,2.404564274436963,6.867677937665783,41.58757620376579,15080.0,0,pink
287,181369.7917,67440.0,5.15,2.6893504107354684,16.931459269977594,37.18370042104426,10712.0,0,pink
288,145498.94698181818,42280.0,7.25,3.4413185189644797,9.648471285266458,29.0586295482148,15080.0,0,pink
289,121175.61728111112,44920.0,6.25,2.697587205723756,9.32120132931624,37.07016395533736,13000.0,0,pink
290,172278.8148,49250.0,7.9,3.4980470010152285,10.484348515092504,28.58738032135568,16432.0,0,pink
291,326351.38889,60490.0,9.0,5.395129589849562,17.433300688568377,18.53523596321778,18720.0,2,dark purple
292,273673.4761857143,60940.0,8.0,4.490867676168597,16.44672332846841,22.26741182570657,16640.0,2,dark purple
293,241224.55,70160.0,8.7,3.438206242873432,13.330269120247568,29.08493351941169,18096.0,2,dark purple
294,192545.75,57520.0,7.75,3.3474574061196107,11.944525434243175,29.873419693761093,16120.0,2,dark purple
295,167682.55208041664,46140.0,7.93,3.634212225409984,10.166029202663731,27.516279677012744,16494.399999999998,0,pink
296,129418.6306785,49560.0,5.15,2.6113525157082327,12.081649615244586,38.29433192127977,10712.0,0,pink
297,418471.625,71220.0,7.25,5.875759969109801,27.75010775862069,17.019075068709853,15080.0,1,purple
298,127735.911106,57810.0,7.25,2.209581579415326,8.470551134350133,45.25743739521075,15080.0,0,pink
299,150202.479175,53440.0,7.25,2.8106751342627243,9.96037660311671,35.57864044157179,15080.0,0,pink
300,107957.67157235292,54920.0,8.25,1.9657259936699367,6.291239602118469,50.87179002669836,17160.0,0,pink
301,110326.96428785716,48060.0,7.25,2.295608911524285,7.316111690176204,43.56142699132491,15080.0,0,pink
302,122466.6667,53440.0,7.25,2.291666667290419,8.12113174403183,43.63636362448656,15080.0,0,pink
303,117503.076667,42790.0,7.25,2.7460405858144425,7.791981211339523,36.41606774371152,15080.0,0,pink
304,151316.145825,42410.0,7.25,3.567935529945768,10.03422717672414,28.027412255826267,15080.0,0,pink
305,251669.88334,63150.0,8.0,3.985271311797308,15.12439202764423,25.09239451376304,16640.0,2,dark purple
306,213975.833334,76170.0,7.25,2.8091877817250888,14.189378868302388,35.59747790821986,15080.0,2,dark purple
307,150803.64585,51710.0,7.5,2.916334284471089,9.666900375,34.28962191765206,15600.0,0,pink
308,117475.8446890909,52010.0,8.15,2.258716490849661,6.929910611673602,44.272931288682,16952.0,0,pink
309,147577.66667272727,67240.0,6.5,2.194789807744308,10.91550788999462,45.56244960093689,13520.0,0,pink
310,126026.77416666666,56630.0,7.5,2.225441888869268,8.078639369658118,44.93489607621672,15600.0,0,pink
311,126977.0,35520.0,7.25,3.574802927927928,8.420225464190981,27.973570016617185,15080.0,0,pink
312,201710.812475,51100.0,7.9,3.947374021037182,12.275487614106622,25.33329739392791,16432.0,2,dark purple
313,148664.06035068966,46780.0,7.25,3.177940580390972,9.858359439700903,31.466919368170604,15080.0,0,pink
314,188620.45835,60730.0,7.25,3.1058860258521324,12.507987954244031,32.19693162197217,15080.0,2,dark purple
315,140937.5,56870.0,7.25,2.478239845261122,9.345988063660478,40.35121951219512,15080.0,0,pink
316,186518.75,73400.0,7.25,2.541127384196185,12.368617374005304,39.35261200281473,15080.0,2,dark purple
317,235413.208325,65240.0,8.25,3.6084182759809935,13.71871843385781,27.712973483600305,17160.0,2,dark purple
318,156199.375025,46690.0,7.5,3.345456736453201,10.012780450320513,29.89128477148336,15600.0,0,pink
319,194613.8889,49880.0,7.25,3.901641718123496,12.905430298408488,25.63023650672241,15080.0,2,dark purple
320,145285.052086875,54310.0,8.0,2.6751068327540968,8.731072841759314,37.38168463987931,16640.0,0,pink
321,104072.5942004348,49640.0,7.25,2.0965470225712086,6.901365663158806,47.69747538376689,15080.0,0,pink
322,116774.23609333334,47200.0,2.0,2.4740304257062147,28.070729830128208,40.41987477638028,4160.0,0,pink
323,195448.09444,58880.0,9.1,3.319430951766304,10.3258714306847,30.125645465464174,18928.0,2,dark purple
324,135655.04293,55170.0,7.25,2.458855228022476,8.99569250198939,40.66933215926852,15080.0,0,pink
325,212158.3333,58630.0,8.0,3.61859684973563,12.749899837740385,27.63502101852155,16640.0,2,dark purple
326,154433.36362727277,44930.0,7.25,3.437199279485261,10.24093923257777,29.093454254120388,15080.0,0,pink
327,163329.7083,53050.0,7.25,3.0787880923656927,10.8308825132626,32.48031270744638,15080.0,0,pink
328,119047.98486052633,43720.0,7.25,2.722963972107189,7.894428704278934,36.72468715133756,15080.0,0,pink
329,149028.35916666666,53880.0,7.25,2.7659309422172726,9.88251718611848,36.15419259883484,15080.0,0,pink
330,237815.875,63380.0,7.25,3.75222270432313,15.77028348806366,26.650870132197863,15080.0,2,dark purple
331,212095.59375,66160.0,7.25,3.205797970828295,14.064694545755968,31.193481594899943,15080.0,2,dark purple
332,210708.14814444445,59070.0,9.32,3.567092401294133,10.869312693155972,28.034036898993765,19385.6,2,dark purple
333,136105.916665,58080.0,7.25,2.3434214301825067,9.025591290782494,42.67264893630846,15080.0,0,pink
334,99279.16667,39550.0,7.25,2.510219131984829,6.583499116047745,39.83715952357117,15080.0,0,pink
335,195427.91665,55690.0,5.15,3.509210210989405,18.24383090459298,28.49644050585544,10712.0,2,dark purple
336,144188.61363636365,44510.0,7.25,3.2394655950654605,9.561579153605017,30.869289105068976,15080.0,0,pink
337,124699.60186333332,42800.0,7.5,2.9135420996105914,7.993564222008546,34.32248328018513,15600.0,0,pink
338,181115.62963333333,52250.0,8.05,3.466327839872408,10.816748066969264,28.848973501502645,16744.0,0,pink
339,351513.60556,63640.0,9.0,5.523469603394092,18.777436194444444,18.10456238204904,18720.0,1,purple
340,289901.53571428574,66600.0,8.23,4.352875911625912,16.935083635987343,22.973317418241635,17118.4,2,dark purple
341,243565.83334,72890.0,9.15,3.341553482507889,12.797700364649012,29.926200649928976,19032.0,2,dark purple
342,199151.875,57760.0,8.25,3.4479202735457064,11.60558712121212,29.00299080789473,17160.0,2,dark purple
343,180413.62153333327,48830.0,8.05,3.6947290914055553,10.774822117375374,27.06558384283537,16744.0,0,pink
344,136265.46667,50770.0,5.15,2.6839761014378567,12.72082399831964,37.258155892829336,10712.0,0,pink
345,453529.16665,64510.0,7.75,7.030369968221981,28.13456368796526,14.224002499443216,16120.0,1,purple
346,130593.500006,60860.0,7.25,2.1458018403877754,8.660046419496021,46.60262570281357,15080.0,0,pink
347,160265.625,51620.0,7.25,3.104719585432003,10.627693965517242,32.2090279808911,15080.0,0,pink
348,110464.32843117646,60410.0,8.25,1.828576865273572,6.4373151766419845,54.68733740380068,17160.0,0,pink
349,116192.30556466668,51980.0,7.25,2.235327155918944,7.705060050707339,44.73618089200459,15080.0,0,pink
350,132308.3333,54870.0,7.25,2.411305509385821,8.773762155172413,41.4713107114622,15080.0,0,pink
351,126738.06818818185,42390.0,7.25,2.989810525788673,8.404381179587656,33.44693556245385,15080.0,0,pink
352,157216.291675,45920.0,7.25,3.423699731598432,10.425483532824932,29.208168893161883,15080.0,0,pink
353,260176.66666,67860.0,9.0,3.8340210235779546,13.898326210470085,26.08227742754493,18720.0,2,dark purple
354,207734.683314,73590.0,8.25,2.8228656517733386,12.105750775874126,35.42499443329139,17160.0,2,dark purple
355,154847.1458,50760.0,7.5,3.050574188337273,9.92609908974359,32.78071399879816,15600.0,0,pink
356,123198.4052959091,54200.0,8.15,2.2730333080426037,7.26748497498284,43.994075954000806,16952.0,0,pink
357,154295.8409090909,68730.0,7.25,2.2449562186685714,10.231819688931758,44.544298533940925,15080.0,0,pink
358,132178.340275,59200.0,7.65,2.232742234375,8.306833853381097,44.78797348857088,15912.0,0,pink
359,137853.125,40040.0,7.25,3.44288523976024,9.141453912466844,29.045406116110893,15080.0,0,pink
360,213931.666675,51400.0,8.05,4.162094682392996,12.776616499940276,24.02636355752124,16744.0,2,dark purple
361,156647.73276310344,50800.0,7.25,3.0836167866752646,10.387780687208451,32.42945116660211,15080.0,0,pink
362,206138.95835,57420.0,7.25,3.59002017328457,13.669692198275865,27.854996677778644,15080.0,2,dark purple
363,148770.83335,60470.0,8.0,2.460241993550521,8.940554888822115,40.6464080615436,16640.0,0,pink
364,193547.291675,75680.0,7.25,2.557443071815539,12.834701039456233,39.10155463558749,15080.0,2,dark purple
365,229968.22915,68360.0,8.38,3.364075909157402,13.193514156301632,29.725845284224555,17430.4,2,dark purple
366,156157.9375,45120.0,7.5,3.460947196365248,10.010124198717948,28.89382424124294,15600.0,0,pink
367,217641.3194166667,52010.0,7.25,4.184605257001859,14.43244823717949,23.89711665937325,15080.0,2,dark purple
368,148688.265620625,58010.0,8.75,2.5631488643445093,8.169684924210165,39.01451117064699,18200.0,0,pink
369,108986.46180875,53300.0,7.25,2.0447741427532837,7.227218952834881,48.90515676482012,15080.0,0,pink
370,115723.87143857144,47080.0,2.0,2.4580261562993084,27.818238326579674,40.6830495858333,4160.0,0,pink
371,207627.8833266667,60830.0,9.25,3.4132481230752374,10.791470027373528,29.297606383769985,19240.0,2,dark purple
372,137512.77582318182,60390.0,7.25,2.2770785862424545,9.118884338407282,43.91591954892347,15080.0,0,pink
373,223229.1667,55700.0,9.0,4.007704967684021,11.924634973290598,24.951936533838253,18720.0,2,dark purple
374,161132.73484545454,46360.0,7.25,3.4756845307475097,10.685194618398842,28.77131083542072,15080.0,0,pink
375,175304.16665,55070.0,8.5,3.183297015616488,9.915394041289591,31.41397095823108,17680.0,0,pink
376,124159.15789105264,47330.0,7.25,2.623265537524881,8.233365907894738,38.12042607564333,15080.0,0,pink
377,156576.260425,56470.0,7.25,2.772733494333274,10.383041142241378,36.06549284465069,15080.0,0,pink
378,256524.54165,66260.0,7.25,3.8714841782372473,17.01091125,25.82988729803662,15080.0,2,dark purple
379,212078.21547777776,61490.0,7.25,3.4489870788384738,14.06354214043619,28.9940199003811,15080.0,2,dark purple
380,225132.96296666667,67240.0,9.47,3.3481999251437635,11.429461607843932,29.86679476605813,19697.6,2,dark purple
381,140156.89813888888,55430.0,7.25,2.528538663880369,9.294224014515178,39.54853506038032,15080.0,0,pink
382,113758.3333,42820.0,8.0,2.656663552078468,6.836438299278846,37.6411984580298,16640.0,0,pink
383,203160.2083,60930.0,5.15,3.334321488593468,18.965665449962657,29.991109238294676,10712.0,2,dark purple
384,137665.43055833332,47220.0,7.25,2.9154051367711418,9.129007331454464,34.300550115223984,15080.0,0,pink
385,128554.90740333332,45910.0,8.0,2.8001504553111154,7.725655492988781,35.71236674455385,16640.0,0,pink
386,192554.62962222224,57100.0,8.05,3.372235194784978,11.499918157084462,29.653922168491054,16744.0,2,dark purple
387,375402.6861133333,66640.0,10.0,5.6332936091436565,18.048206063141023,17.75160446771058,20800.0,1,purple
388,310326.2023857143,70570.0,8.31,4.397423868296929,17.953705127378637,22.74058698797413,17284.8,2,dark purple
389,243300.21666,75920.0,9.6,3.204692000263435,12.18450604266827,31.20424677060376,19968.0,2,dark purple
390,209257.66665,58050.0,8.25,3.60478323255814,12.194502718531467,27.74091909239016,17160.0,2,dark purple
391,193978.18402208333,51180.0,8.05,3.790116921103621,11.584936933951465,26.38441031810744,16744.0,2,dark purple
392,140238.55000000002,53530.0,5.15,2.619812254810387,13.091724234503362,38.17067418338252,10712.0,0,pink
393,479384.895825,72130.0,8.5,6.646123607722169,27.114530306843893,15.046364753705369,17680.0,1,purple
394,133401.88332599998,59090.0,7.25,2.257605065594855,8.846278735145887,44.29472697592971,15080.0,0,pink
395,172182.020825,56560.0,7.25,3.044236577528289,11.41790589025199,32.84895817170462,15080.0,0,pink
396,113436.26960235291,61390.0,8.25,1.847797191763364,6.610505221582337,54.118493331278096,17160.0,0,pink
397,120583.7656275,56090.0,7.25,2.149826450837939,7.99627093020557,46.51538265380582,15080.0,0,pink
398,135362.5,56810.0,7.25,2.3827231121281462,8.976293103448276,41.968787515006,15080.0,0,pink
399,129449.8409118182,45370.0,7.25,2.853203458492797,8.584206957017122,35.04832426245022,15080.0,0,pink
400,164116.1458375,42200.0,7.25,3.8890081952014217,10.883033543600796,25.71349685593058,15080.0,0,pink
401,266809.43334,72270.0,10.0,3.6918421660440015,12.827376602884614,27.08674843138138,20800.0,2,dark purple
402,216619.35,73760.0,8.75,2.936813313449024,11.902162087912089,34.050513031268906,18200.0,2,dark purple
403,163000.854175,50860.0,7.5,3.204892925186787,10.44877270352564,31.202290477199583,15600.0,0,pink
404,130328.99999681818,57090.0,8.5,2.2828691539116863,7.371549773575689,43.80452547122573,17680.0,0,pink
405,165876.31060909093,70220.0,7.25,2.3622374054271,10.999755345430431,42.33274766128755,15080.0,0,pink
406,135596.29861666667,55020.0,7.65,2.46449106900521,8.521637670730685,40.576328824094674,15912.0,0,pink
407,143644.7917,41100.0,7.25,3.495007097323601,9.525516690981432,28.612245187306712,15080.0,0,pink
408,227208.33335,57080.0,8.05,3.980524410476524,13.56953734770664,25.12231798825437,16744.0,2,dark purple
409,161559.4811816129,53760.0,7.25,3.0051986826936923,10.71349344705656,33.27567011654803,15080.0,0,pink
410,215952.91665,60180.0,7.25,3.5884499277168493,14.320485188992045,27.8671855576441,15080.0,2,dark purple
411,156125.0,59370.0,9.0,2.6296951322216606,8.340010683760683,38.027221777421936,18720.0,0,pink
412,200851.35415,76260.0,7.25,2.6337707074482037,13.319055314986738,37.96837732199079,15080.0,2,dark purple
413,224680.291675,68470.0,8.38,3.281441385643347,12.89013973718331,30.474412993482243,17430.4,2,dark purple
414,157497.375,48450.0,7.5,3.250719814241486,10.095985576923075,30.762417468862573,15600.0,0,pink
415,237097.20831666663,55430.0,7.25,4.277416711467917,15.722626546198052,23.37859664967788,15080.0,2,dark purple
416,151680.781254375,61440.0,9.0,2.46876271572876,8.10260583623798,40.506120480064354,18720.0,0,pink
417,112900.18402625,53990.0,7.25,2.091131395188924,7.486749603862733,47.82100265438628,15080.0,0,pink
418,121187.2857242857,50940.0,2.0,2.379020135930226,29.131559068337907,42.034112485936895,4160.0,0,pink
419,225498.98332,59140.0,9.75,3.812968943523842,11.119279256410255,26.22628232255748,20280.0,2,dark purple
420,142429.15908318182,60980.0,7.25,2.33567004072125,9.444904448486858,42.81426668003166,15080.0,0,pink
421,239283.3333,61530.0,9.6,3.888888888347148,11.983340009014425,25.71428571786784,19968.0,2,dark purple
422,162803.02903333333,54340.0,7.25,2.9960071592442645,10.79595683244916,33.37775735663621,15080.0,0,pink
423,186133.125,57450.0,8.55,3.2399151436031333,10.466325067476385,30.865005892959672,17784.0,0,pink
424,133458.7543910526,51340.0,7.25,2.599508266284624,8.85005002593187,38.468814004937215,15080.0,0,pink
425,167433.4132041667,58150.0,7.25,2.8793364265548878,11.103011485687446,34.73022432451548,15080.0,0,pink
426,272403.0416666667,67480.0,7.25,4.036796705196601,18.06386217948718,24.77211692906635,15080.0,2,dark purple
427,219843.92594444443,66450.0,7.25,3.308411225650029,14.578509678013557,30.22598860283828,15080.0,2,dark purple
428,245088.1203555556,70310.0,9.47,3.485821652048864,12.442537179938448,28.687640958688444,19697.6,2,dark purple
429,147495.13889833333,59820.0,7.25,2.465649262760504,9.780844754531389,40.5572688339466,15080.0,0,pink
430,115825.0,44350.0,8.75,2.611612175873732,6.364010989010989,38.29052449816533,18200.0,0,pink
431,202810.41665,57830.0,5.15,3.5070104902299843,18.933011263069456,28.51431447912269,10712.0,2,dark purple
432,140836.87500833333,50870.0,7.25,2.7685644782452,9.339315318854997,36.11980171882543,15080.0,0,pink
433,131392.43518555554,49750.0,8.5,2.6410539735790057,7.431698822712417,37.863671473735806,17680.0,0,pink
434,207583.91667777777,59700.0,10.0,3.477117532291085,9.97999599412393,28.75945350461296,20800.0,2,dark purple
435,408551.78712000005,70040.0,10.0,5.833120889777271,19.641912842307693,17.14348148951502,20800.0,1,purple
436,335155.70835,74980.0,9.3,4.469934760602827,17.32608087003722,22.371691166811065,19344.0,1,purple
437,253072.46664,74300.0,10.1,3.406089725975774,12.046480704493526,29.359179600400008,21008.0,2,dark purple
438,217897.29165,64960.0,8.25,3.3543302286022167,12.69797736888112,29.812210839381493,17160.0,2,dark purple
439,206065.3750125,53090.0,8.1,3.881434827886608,12.230850843571938,25.763668445889827,16848.0,2,dark purple
440,149685.62501350002,57990.0,5.15,2.5812316781082947,13.97363937766057,38.74119508454464,10712.0,0,pink
441,503612.125,73600.0,9.25,6.842556046195652,26.175266372141373,14.614421763574498,19240.0,1,purple
442,139978.56666,63470.0,7.25,2.205428811406964,9.282398319628648,45.34265603259463,15080.0,0,pink
443,186748.520825,59500.0,7.25,3.1386306021008408,12.38385416611406,31.861028798057685,15080.0,0,pink
444,117626.0000017647,65970.0,8.25,1.7830225860507003,6.854662004764842,56.084539131663306,17160.0,0,pink
445,127200.536454375,58770.0,7.25,2.1643787043453293,8.435048836497016,46.202635333287255,15080.0,0,pink
446,139530.3333,56900.0,7.25,2.452202694200352,9.252674622015917,40.77966321320326,15080.0,0,pink
447,133521.60605454547,49670.0,7.25,2.6881740699525967,8.854217908126357,37.19997195038914,15080.0,0,pink
448,167998.5625125,43570.0,7.25,3.855831134094561,11.140488230271885,25.93474571948088,15080.0,0,pink
449,283501.0,76240.0,11.0,3.7185335781741866,12.390777972027973,26.892321367473134,22880.0,2,dark purple
450,226284.366666,82090.0,8.75,2.756539976440492,12.43320695967033,36.27736251049388,18200.0,2,dark purple
451,173549.33335,53320.0,9.0,3.254863716241561,9.270797721688034,30.72325255924125,18720.0,0,pink
452,137407.58332590907,56410.0,8.9,2.435872776562827,7.422622262635538,41.05304717149736,18512.0,0,pink
453,172329.2878727273,69980.0,7.75,2.4625505554833853,10.690402473494249,40.608303361459534,16120.0,0,pink
454,137414.15475714285,56530.0,7.7,2.430818233807586,8.579804867453975,41.13841117744207,16016.0,0,pink
455,150327.0833,43280.0,7.25,3.473361444085028,9.96863947612732,28.79055393739553,15080.0,0,pink
456,240832.291675,57410.0,8.15,4.194953695784706,14.20671848012034,23.83816538916386,16952.0,2,dark purple
457,171454.21236870968,49550.0,7.25,3.4602262839295594,11.369642730020535,28.89984405483341,15080.0,0,pink
458,221657.125,60170.0,7.25,3.6838478477646666,14.698748342175069,27.145529384629523,15080.0,2,dark purple
459,162958.3333,59580.0,9.0,2.7351180480026853,8.705039172008547,36.561493231718025,18720.0,0,pink
460,215238.16665,75630.0,7.25,2.845936356604522,14.273087974137932,35.13782020034689,15080.0,2,dark purple
461,231555.22915,71240.0,8.44,3.2503541430376197,13.190121966710718,30.765878301047213,17555.2,2,dark purple
462,158089.749975,45600.0,7.5,3.466880481907895,10.13395833173077,28.8443747979936,15600.0,0,pink
463,264233.30555,58040.0,7.25,4.55260691850448,17.52210249005305,21.96543690023864,15080.0,2,dark purple
464,158300.708333125,61540.0,9.7,2.572322202358222,7.845990698509367,38.87537879520816,20176.0,0,pink
465,118053.80334,60690.0,8.15,1.9451936618882848,6.964004444313355,51.40876302410199,16952.0,0,pink
466,125949.72914999998,51880.0,2.0,2.4277125896299148,30.276377199519228,41.19103736873737,4160.0,0,pink
467,245485.6999933333,62500.0,9.75,3.927771199893333,12.104817553911898,25.45973146366461,20280.0,2,dark purple
468,146711.7651518182,61290.0,7.25,2.3937308721132027,9.728896893356644,41.77579073946575,15080.0,0,pink
469,252262.5,65400.0,9.6,3.857224770642202,12.633338341346152,25.925375353054854,19968.0,2,dark purple
470,170806.66666666666,54540.0,7.25,3.131768732428798,11.326702033598584,31.93083798446587,15080.0,0,pink
471,193430.83335,56910.0,8.65,3.3988900606220347,10.750935601934192,29.42136939307148,17992.0,2,dark purple
472,142614.20614210525,55310.0,7.25,2.578452470477405,9.457175473614406,38.78295262176574,15080.0,0,pink
473,176113.5138916667,60090.0,7.25,2.9308289880457097,11.678614979553494,34.120039213437856,15080.0,0,pink
474,308884.0833333334,69790.0,7.25,4.425907484357836,20.48302939876216,22.59423640313829,15080.0,2,dark purple
475,226537.37964444445,70810.0,7.25,3.199228635001334,15.02237265546714,31.25753467756089,15080.0,2,dark purple
476,269907.1388777778,71540.0,11.0,3.77281435389681,11.79664068521756,26.50541230493185,22880.0,2,dark purple
477,156349.1296388889,63480.0,7.25,2.4629667554960446,10.367979419024463,40.60144124026549,15080.0,0,pink
478,113381.0833,46960.0,8.75,2.414418298551959,6.229729851648352,41.41784381769089,18200.0,0,pink
479,214354.16666666663,59540.0,5.15,3.6001707535550325,20.010657829225785,27.776460297405,10712.0,2,dark purple
480,151614.39584166667,49940.0,7.25,3.0359310340742227,10.05400502928824,32.938824656303176,15080.0,0,pink
481,136215.85184111109,49780.0,8.5,2.736357007655908,7.704516506850174,36.544939026675,17680.0,0,pink
482,227383.35185555555,62280.0,10.5,3.650985097231143,10.411325634411885,27.389868032011044,21840.0,2,dark purple
483,440239.5722266666,70490.0,11.0,6.245418814394476,19.24124004487179,16.011736437838156,22880.0,1,purple
484,365439.13095,73030.0,10.2,5.0039590709297554,17.224695086255657,19.984176245754064,21216.0,1,purple
485,254530.83334,72810.0,10.1,3.495822460376322,12.115900292269613,28.605571688338856,21008.0,2,dark purple
486,223789.5833,65010.0,8.25,3.4423870681433626,13.041351008158507,29.049609477511368,17160.0,2,dark purple
487,221558.72568750003,54640.0,8.25,4.0548815096541,12.911347650786714,24.661633086420437,17160.0,2,dark purple
488,158747.78463333333,55820.0,5.15,2.8439230496835064,14.819621418347024,35.16269542213133,10712.0,0,pink
489,538037.250025,80110.0,10.1,6.716230807951567,25.611064833634803,14.889303667409216,21008.0,1,purple
490,145687.91668,68720.0,7.25,2.1200220704307333,9.661002432360744,47.16932026074738,15080.0,0,pink
491,215018.64585,58730.0,7.25,3.6611381891707815,14.258530891909814,27.31391027407496,15080.0,2,dark purple
492,120783.49019411764,70150.0,8.25,1.7217888837365307,7.038664929727135,58.079129761243166,17160.0,0,pink
493,135138.533665,59890.0,7.25,2.2564457115545165,8.961441224469496,44.3174854541959,15080.0,0,pink
494,146895.8333,63940.0,7.25,2.2974012089458866,9.74110300397878,43.52744292577562,15080.0,0,pink
495,142027.82576363636,54560.0,7.25,2.6031492991868834,9.418290833132383,38.41500755689882,15080.0,0,pink
496,174049.6249875,49970.0,7.25,3.4830823491594955,11.541752320125994,28.710202623871652,15080.0,0,pink
497,297735.91666,86350.0,11.0,3.4480129317892296,13.012933420454544,29.00221141227228,22880.0,2,dark purple
498,230270.05,86220.0,10.1,2.670726629552308,10.961064832444782,37.44299356342695,21008.0,2,dark purple
499,186286.020825,58660.0,10.0,3.1756907743777703,8.956058693509616,31.489211987144284,20800.0,0,pink
500,146376.57576363636,60450.0,9.25,2.4214487305812464,7.607930133245133,41.29759128783863,19240.0,0,pink
501,184022.79544545457,71820.0,8.04,2.5622778535986432,11.004042016208295,39.02777361149688,16723.199999999997,0,pink
502,146218.98214285713,61730.0,7.85,2.3686859248802388,8.9551066966473,42.21750083015165,16328.0,0,pink
503,159476.125,42780.0,7.25,3.727819658719028,10.575339854111403,26.82533200502583,15080.0,0,pink
504,258392.458325,57680.0,8.3,4.479758292735784,14.967125713913347,22.32263293360189,17264.0,2,dark purple
505,182344.40591838708,53370.0,7.25,3.4166086924936683,12.09180410599384,29.268789317225945,15080.0,0,pink
506,227298.875,66510.0,7.25,3.417514283566381,15.072869694960213,29.261033518093743,15080.0,2,dark purple
507,179019.2917,67580.0,9.0,2.6489981015093225,9.562996351495729,37.75012143006931,18720.0,0,pink
508,224626.791675,81350.0,7.25,2.761238988014751,14.89567584051724,36.215626548101525,15080.0,2,dark purple
509,237334.374975,74180.0,8.6,3.199438864586142,13.26779824323569,31.25548079911048,17888.0,2,dark purple
510,168779.1875,48280.0,7.5,3.4958406690140844,10.819178685897436,28.605422691704806,15600.0,0,pink
511,301453.0833333333,61860.0,7.25,4.873150393361353,19.990257515473036,20.520606163977423,15080.0,2,dark purple
512,164919.848958125,67270.0,10.4,2.4516106579177195,7.623883550209181,40.78951104125776,21632.0,0,pink
513,124743.8611,61630.0,8.3,2.0240769284439395,7.225663872798887,49.40523682411495,17264.0,0,pink
514,130170.989575,54430.0,2.0,2.3915302144956825,31.291103263221157,41.814232324506776,4160.0,0,pink
515,268420.31666666665,69170.0,10.75,3.880588646330297,12.004486434108529,25.76928634127856,22360.0,2,dark purple
516,151795.42424090908,64520.0,7.25,2.352687914459223,10.066009565047022,42.504575037520645,15080.0,0,pink
517,267408.3333,62270.0,10.1,4.294336491087201,12.728881059596343,23.28648446798423,21008.0,2,dark purple
518,182207.26388333333,57440.0,7.25,3.172132031395079,12.082709806587092,31.524539019903525,15080.0,0,pink
519,208202.91665,59460.0,8.85,3.501562674907501,11.31045831431986,28.55867773454652,18408.0,2,dark purple
520,155914.55263157893,56060.0,7.25,2.781208573520852,10.339161315091442,35.95559173521664,15080.0,0,pink
521,188027.031824,59790.0,7.25,3.144790630941629,12.46863606259947,31.79861928361746,15080.0,2,dark purple
522,336843.68055000005,77070.0,7.25,4.370619963020631,22.33711409482759,22.88004924841093,15080.0,1,purple
523,234621.36111111112,77150.0,7.25,3.0411064304745445,15.558445697023284,32.88276891525814,15080.0,2,dark purple
524,295697.74073333334,79730.0,11.5,3.708738752456207,12.361945682831662,26.963344326631923,23920.0,2,dark purple
525,167150.4074,62630.0,7.25,2.668855299377295,11.08424452254642,37.46924759215394,15080.0,0,pink
526,117057.75,50570.0,8.75,2.3147666600751435,6.431744505494506,43.2008987017092,18200.0,0,pink
527,218613.41666666663,62540.0,5.15,3.4955774970685423,20.40827265372168,28.60757631145695,10712.0,2,dark purple
528,159112.736125,56200.0,7.25,2.831187475533808,10.551242448607429,35.32086831556269,15080.0,0,pink
529,144831.02777777778,54540.0,9.25,2.655501059365196,7.527600196350196,37.6576765606357,19240.0,0,pink
530,245841.35186666664,70670.0,12.0,3.4787229640111312,9.84941313568376,28.74618100795681,24960.0,2,dark purple
531,449326.56110333337,78110.0,12.0,5.752484459138822,18.001865428819446,17.38379316108062,24960.0,1,purple
532,383900.7440357143,72500.0,12.0,5.29518267635468,15.380638783482144,18.88508973383373,24960.0,1,purple
533,254168.15,87290.0,11.0,2.9117670981784856,11.108747814685314,34.343406127006865,22880.0,2,dark purple
534,236025.0,74190.0,9.25,3.1813586736756974,12.267411642411645,31.433110899269145,19240.0,2,dark purple
535,233145.25000416668,58370.0,8.56,3.994265033478957,13.094516647430282,25.0358950049194,17804.8,2,dark purple
536,170521.78968095238,56630.0,5.15,3.011156448542334,15.918763039670685,33.209832072461346,10712.0,0,pink
537,556421.95835,88010.0,10.1,6.3222583609817065,26.486193752380043,15.817132785518153,21008.0,1,purple
538,156192.08333999998,66050.0,7.25,2.364755236033308,10.35756520822281,42.28767462959176,15080.0,0,pink
539,236021.0,65990.0,7.25,3.57661766934384,15.651259946949605,27.95937649615924,15080.0,2,dark purple
540,126562.50000588236,74400.0,9.25,1.701108871046806,6.578092515898252,58.78518518245297,19240.0,0,pink
541,143104.2627563158,66690.0,7.25,2.1458129068273477,9.489672596572666,46.60238536259584,15080.0,0,pink
542,154693.75,73150.0,7.25,2.114747095010253,10.25820623342175,47.28697830390691,15080.0,0,pink
543,151095.1287909091,55660.0,7.25,2.714608853591612,10.01957087472872,36.83771968388492,15080.0,0,pink
544,177990.822925,51710.0,7.25,3.442096749661574,11.803104968501325,29.052059623202624,15080.0,0,pink
545,308479.38334,87710.0,12.75,3.5170377760802647,11.631952614630467,28.433018456642767,26520.0,2,dark purple
546,233899.9179166667,95570.0,11.0,2.447419879843745,10.222898510343825,40.85935593788855,22880.0,2,dark purple
547,194899.375025,66550.0,12.0,2.928615702854996,7.80846855068109,34.14582524518796,24960.0,2,dark purple
548,154681.41304347827,64120.0,9.65,2.412373877783504,7.706327871835306,41.45294430558181,20072.0,0,pink
549,195997.23483636364,81430.0,8.15,2.406941358668349,11.561894457076663,41.54650450450752,16952.0,2,dark purple
550,155130.41766,60600.0,9.45,2.559907882178218,7.892267890720391,39.06390565699196,19656.0,0,pink
551,168540.75,44790.0,7.25,3.762910247823175,11.176442307692309,26.57517543976753,15080.0,0,pink
552,279028.75,60200.0,8.65,4.635029069767442,15.508489884393065,21.57483771833548,17992.0,2,dark purple
553,190788.2106990625,61160.0,7.25,3.119493307702134,12.651738110017408,32.05648806910297,15080.0,2,dark purple
554,236506.25,70030.0,7.25,3.3772133371412254,15.683438328912468,29.610211146639887,15080.0,2,dark purple
555,187583.33335,73070.0,9.0,2.567173030655536,10.020477208867522,38.95335406139908,18720.0,2,dark purple
556,233558.6875,86900.0,7.25,2.687671892980437,15.487976624668436,37.20692256416281,15080.0,2,dark purple
557,244305.2083,87730.0,11.0,2.7847396363843613,10.677675187937062,35.90999987698584,22880.0,2,dark purple
558,180826.04165,53110.0,9.0,3.404745653360949,9.65951077190171,29.37076956138745,18720.0,0,pink
559,321269.18055,70910.0,7.25,4.530661127485545,21.304322317639254,22.07183393022789,15080.0,2,dark purple
560,172347.307291875,71860.0,11.8,2.398376110379558,7.0219730806663545,41.694878283362485,24544.0,0,pink
561,131154.36110851853,64660.0,8.7,2.0283693335681803,7.247699000249697,49.300686194109566,18096.0,0,pink
562,139128.05975555556,59400.0,2.0,2.342223228208006,33.44424513354701,42.69447881639712,4160.0,0,pink
563,285352.49999333336,74410.0,11.25,3.834867625229584,12.194551281766383,26.076519393290205,23400.0,2,dark purple
564,158592.66287863636,70580.0,7.25,2.2469915397936577,10.51675483280082,44.5039503838911,15080.0,0,pink
565,282770.8333,70150.0,10.5,4.03094559230221,12.947382477106228,24.808074857414937,21840.0,2,dark purple
566,189772.73611666667,62030.0,7.25,3.0593702420871622,12.58439894672856,32.68646554258763,15080.0,2,dark purple
567,221538.875,64260.0,9.3,3.447539293495176,11.452588657981805,29.006195865172646,19344.0,2,dark purple
568,166128.1184105263,56630.0,7.25,2.9335708707491843,11.016453475499093,34.08814867815404,15080.0,0,pink
569,197396.269996,67440.0,7.25,2.9269909548635824,13.089938328647214,34.164779304779465,15080.0,2,dark purple
570,361390.56943333335,84520.0,7.25,4.275799449045591,23.96489187223696,23.38743928280387,15080.0,1,purple
571,244145.0092444445,81310.0,7.25,3.002644314899084,16.189987350427355,33.3039779316522,15080.0,2,dark purple
572,319625.3518333333,82450.0,13.5,3.876596141095613,11.382669224833808,25.79582612176303,28080.0,2,dark purple
573,177276.60648333334,67360.0,7.25,2.631778599811956,11.75574313549956,37.99711723742458,15080.0,0,pink
574,126745.8333,53710.0,8.75,2.359818158629678,6.964056774725274,42.3761464985374,18200.0,0,pink
575,234204.16666666663,65130.0,5.15,3.5959491273862527,21.86371981578292,27.80906972193066,10712.0,2,dark purple
576,175003.36805833332,54690.0,7.25,3.199915305509843,11.60499788185234,31.250827116521755,15080.0,0,pink
577,158062.49073333334,50780.0,10.0,3.112691822239727,7.599158208333334,32.12653410964576,20800.0,0,pink
578,276136.8611222222,67090.0,12.0,4.115916844868418,11.063175525730056,24.295923306778292,24960.0,2,dark purple
579,487046.52776333335,77650.0,13.0,6.2723313298561925,18.012075730892505,15.943035331058114,27040.0,1,purple
580,430843.35119285714,83780.0,12.0,5.142556113545681,17.26135221125229,19.44558266201439,24960.0,1,purple
581,286215.83334,79430.0,11.0,3.6033719418355785,12.50943327534965,27.75178405509241,22880.0,2,dark purple
582,260811.4583,70020.0,9.25,3.724813743216224,13.5556891008316,26.84697998178403,19240.0,2,dark purple
583,252444.302212,57760.0,8.56,4.370573099238228,14.17844076945543,22.88029458137414,17804.8,2,dark purple
584,190048.90872857143,59270.0,5.15,3.206494157728555,17.74168304038195,31.186708935356023,10712.0,2,dark purple
585,606526.041675,80830.0,10.1,7.503724380489917,28.871193910653083,13.32671549877356,21008.0,1,purple
586,163306.66668,68820.0,7.25,2.372953598953792,10.829354554376655,42.141574131111895,15080.0,0,pink
587,271363.6458,66730.0,7.25,4.066591425146111,17.99493672413793,24.59061891038317,15080.0,2,dark purple
588,126864.3333365,74330.0,9.25,1.7067716041504104,6.593780318944907,58.59014747891683,19240.0,0,pink
589,155121.14913157895,66810.0,7.25,2.321825312551698,10.28654835090046,43.06956232211091,15080.0,0,pink
590,167091.6667,73080.0,7.25,2.28642127394636,11.08034925066313,43.73647198768411,15080.0,0,pink
591,169403.34847272726,56760.0,7.25,2.9845551175603817,11.233643797926211,33.50583120801651,15080.0,0,pink
592,191331.697925,51190.0,7.25,3.737677240183629,12.687778376989389,26.754584083639887,15080.0,2,dark purple
593,344309.45,87810.0,12.75,3.921073340166268,12.98301093514329,25.503221012377093,26520.0,1,purple
594,261026.15278333327,94790.0,11.0,2.7537309081478347,11.408485698572258,36.31436888191091,22880.0,2,dark purple
595,220809.89585,63690.0,12.0,3.4669476503375725,8.846550314503205,28.843815968857538,24960.0,2,dark purple
596,170334.78985652173,64390.0,9.65,2.6453609233812974,8.486189211664096,37.80202509084474,20072.0,0,pink
597,212773.19697272728,78750.0,8.15,2.7018818663203463,12.551509967716331,37.011240663970455,16952.0,2,dark purple
598,166383.359375,62180.0,9.45,2.6758340201833386,8.464761872964997,37.37152575448172,19656.0,0,pink
599,188600.625,45130.0,7.25,4.179052182583647,12.50667274535809,23.92887086137705,15080.0,0,pink
600,312011.9375,56740.0,8.65,5.498976691928093,17.341703951756337,18.185201647933745,17992.0,2,dark purple
601,213742.906246875,60430.0,7.25,3.537033034037316,14.17393277499171,28.272283305721874,15080.0,2,dark purple
602,247931.25,64120.0,7.25,3.86667576419214,16.441064323607428,25.862008117169577,15080.0,2,dark purple
603,201487.5,72250.0,9.0,2.788754325259516,10.763221153846152,35.85830386500403,18720.0,2,dark purple
604,264642.208325,88890.0,7.25,2.97718762881089,17.549218058687003,33.5887463162477,15080.0,2,dark purple
605,275092.47915,85550.0,11.0,3.2155754430157804,12.02327269012238,31.0986328177122,22880.0,2,dark purple
606,192686.208325,50910.0,9.0,3.784840077096838,10.293066684027778,26.421195602194373,18720.0,2,dark purple
607,349655.9166666667,61160.0,7.25,5.717068617833006,23.186731874447396,17.491481506461948,15080.0,1,purple
608,191384.19117058825,68660.0,11.8,2.7874190383132573,7.797595794108061,35.875481449144694,24544.0,2,dark purple
609,140227.90125666666,60380.0,8.7,2.322423008556917,7.749110370063366,43.05847799111194,18096.0,0,pink
610,157008.17500000002,52470.0,2.0,2.9923418143701164,37.74234975961539,33.418642054784726,4160.0,0,pink
611,315584.27777333336,76860.0,11.25,4.105962500303583,13.486507597150998,24.354825450209617,23400.0,2,dark purple
612,172108.8484818182,70790.0,7.25,2.431259337220203,11.413053612852664,41.130947434976505,15080.0,0,pink
613,310745.8333,80180.0,10.5,3.875602809927663,14.22828907051282,25.802437686298013,21840.0,2,dark purple
614,211301.19444166668,60340.0,7.25,3.501842798171473,14.01201554652962,28.55639323735952,15080.0,2,dark purple
615,238175.9167,70190.0,9.3,3.3933027026641973,12.312650780603803,29.46981414934972,19344.0,2,dark purple
616,187447.99697,54980.0,7.25,3.409385175882139,12.43023852586207,29.330801549615508,15080.0,0,pink
617,210271.5401222222,68400.0,7.25,3.074145323424301,13.943736082375478,32.529366532552096,15080.0,2,dark purple
618,378754.2023857143,83990.0,7.25,4.509515446906945,25.116326418150813,22.175331513408945,15080.0,1,purple
619,267314.26852222224,82210.0,7.25,3.25160282839341,17.726410379457707,30.754063542689558,15080.0,2,dark purple
620,357457.69444444444,81360.0,13.5,4.393531150988747,12.729974873377651,22.760735400156523,28080.0,1,purple
621,187044.23340952385,67410.0,7.25,2.7747253138929517,12.403463753947204,36.039603451665485,15080.0,2,dark purple
622,136391.6667,51970.0,8.75,2.6244307619780645,7.494047620879121,38.10350093771528,18200.0,0,pink
623,245854.72223333333,65450.0,5.15,3.756374671250318,22.951337027010208,26.62141259905652,10712.0,2,dark purple
624,198394.34028333327,56930.0,7.25,3.484882140933309,13.156123360963743,28.695375038772003,15080.0,2,dark purple
625,180964.49074444445,50780.0,11.0,3.563696154872872,7.909287182886558,28.06075368217448,22880.0,0,pink
626,339793.3055555556,70820.0,12.15,4.797985110922841,13.445445772220468,20.842082184112083,25272.0,1,purple
627,564357.6388900001,81580.0,14.0,6.91784308519245,19.38041342342033,14.45537268893084,29120.0,1,purple
628,504210.29762142856,84950.0,12.32,5.935377252753721,19.676038712124928,16.848128727387117,25625.6,1,purple
629,316226.66668,80960.0,13.0,3.905961791996048,11.694773176035504,25.601888939343,27040.0,2,dark purple
630,297876.875,68690.0,9.25,4.336539161449993,15.48216606029106,23.059863240474776,19240.0,2,dark purple
631,293425.400004,59730.0,10.0,4.912529717127072,14.106990384807691,20.35611095671532,20800.0,2,dark purple
632,217760.55951904765,61500.0,7.25,3.5408221060007747,14.44035540577239,28.24202883011997,15080.0,2,dark purple
633,693023.958325,82200.0,10.1,8.430948398114355,32.988573796886904,11.861061802058442,21008.0,1,purple
634,177701.48335999998,72430.0,7.25,2.4534237658428824,11.78391799469496,40.75936713103643,15080.0,0,pink
635,343496.666675,76920.0,7.25,4.465635292186687,22.77829354608753,22.39323040440972,15080.0,1,purple
636,133471.5583405,79250.0,11.0,1.6841837014574133,5.833547130266608,59.37594569610472,22880.0,0,pink
637,173006.9780631579,70190.0,7.25,2.46483798351842,11.47261127739774,40.57061789402301,15080.0,0,pink
638,185633.3333,75980.0,7.25,2.4431868031060806,12.309902738726793,40.93014904667447,15080.0,2,dark purple
639,190955.46211818184,55630.0,7.25,3.432598635955093,12.66282905292983,29.132447630940632,15080.0,2,dark purple
640,208437.1354125,57210.0,7.25,3.6433689112480336,13.822091207725464,27.44712447078137,15080.0,2,dark purple
641,392612.60002,86570.0,13.5,4.535203881483193,13.98193020014245,22.049725351552663,28080.0,1,purple
642,280295.4444333333,97330.0,11.75,2.8798463416555355,11.46871703900709,34.72407487633977,24440.0,2,dark purple
643,262607.916675,71140.0,12.15,3.691424187166151,10.391259760802468,27.08981545596049,25272.0,2,dark purple
644,188346.01449130435,64490.0,9.65,2.920546045763752,9.383520052376662,34.240172362647684,20072.0,2,dark purple
645,227903.4861,80440.0,8.21,2.8332109162108403,13.34579582240232,35.29564263212032,17076.800000000003,2,dark purple
646,182825.55391764708,63590.0,10.3,2.8750676823029893,8.533679701159778,34.7817898742119,21424.0,0,pink
647,203308.3333,46640.0,7.25,4.359098055317324,13.481984966843502,22.940525478204783,15080.0,2,dark purple
648,394672.1875,65000.0,8.75,6.071879807692308,21.685285027472528,16.46936421127977,18200.0,1,purple
649,246679.8541625,62890.0,7.25,3.922401878875815,16.358080514754644,25.494582933623477,15080.0,2,dark purple
650,258464.16670000003,68880.0,7.25,3.75238337253194,17.139533600795758,26.64972900477503,15080.0,2,dark purple
651,227547.2083,78110.0,9.0,2.9131635936499807,12.155299588675213,34.32694278411852,18720.0,2,dark purple
652,308972.8125,88840.0,7.25,3.4778569619540747,20.488913295755967,28.753338936577144,15080.0,2,dark purple
653,310222.91665,88560.0,12.0,3.502968796860886,12.428802750400642,28.547214034453567,24960.0,2,dark purple
654,212078.43648333327,53460.0,10.5,3.967048942823293,9.710551121031743,25.207654717975675,21840.0,2,dark purple
655,418707.88888333336,64340.0,8.75,6.507738403533313,23.005927960622717,15.36632141600928,18200.0,1,purple
656,217126.7546388889,72920.0,12.5,2.977602230374231,8.35102902457265,33.584069416629845,26000.0,2,dark purple
657,152966.8954096774,62690.0,7.25,2.4400525667519126,10.143693329554203,40.9827236357926,15080.0,0,pink
658,169173.59166,60100.0,7.25,2.814868413643927,11.218407935013262,35.525639321287905,15080.0,0,pink
659,376438.42778,81860.0,12.75,4.598563740288298,14.194510851432884,21.745920171529622,26520.0,1,purple
660,188733.196965,72630.0,7.25,2.5985570282940933,12.515463989721486,38.48289605006215,15080.0,2,dark purple
661,353358.3333,74980.0,11.5,4.712701164310483,14.772505572742476,21.219253356717143,23920.0,1,purple
662,240847.0069333333,62540.0,7.25,3.8510874149877408,15.971286931918652,25.966691800040152,15080.0,2,dark purple
663,273792.95835,73890.0,9.45,3.705412888753552,13.929230685286932,26.98754578835574,19656.0,2,dark purple
664,227444.975,62170.0,7.25,3.658436142834165,15.08255802387268,27.334083771250604,15080.0,2,dark purple
665,244291.34259259253,67400.0,7.25,3.624500631937575,16.19969115335494,27.59000760514209,15080.0,2,dark purple
666,465337.1428428572,87650.0,7.25,5.309037568087361,30.85790071902236,18.83580568370815,15080.0,1,purple
667,293235.64815555554,80270.0,9.5,3.653116334316128,14.839860736617185,27.37388871540557,19760.0,2,dark purple
668,429420.42593333335,87650.0,13.69,4.899263273626165,15.080506052049971,20.41123214143695,28475.2,1,purple
669,203985.06746190475,69940.0,7.25,2.916572311437014,13.52686123752684,34.28682347694968,15080.0,2,dark purple
670,151150.0,46840.0,7.25,3.2269427839453457,10.023209549071618,30.98908369169699,15080.0,0,pink
671,264427.7778,71050.0,7.25,3.721713973258269,17.534998527851457,26.869340502395588,15080.0,2,dark purple
672,216632.54166666663,59910.0,7.25,3.615966310576976,14.365553160919536,27.655124912943023,15080.0,2,dark purple
673,201002.2222111111,53980.0,11.0,3.7236425011321055,8.785062159576535,26.85542448545928,22880.0,2,dark purple
674,384259.2870444444,73450.0,12.8,5.231576406323273,14.432815769397704,19.11469741302689,26624.0,1,purple
675,608345.6777833333,85300.0,15.0,7.131836785267683,19.498258903311967,14.021633277779316,31200.0,1,purple
676,569348.6369142857,89930.0,12.56,6.33102009245286,21.793416099426054,15.795242873926258,26124.8,1,purple
677,341104.16666,90730.0,14.0,3.759552150997465,11.713741986950549,26.598912844836725,29120.0,1,purple
678,325295.98485,80750.0,10.5,4.028433248916409,14.894504800824176,24.82354648097957,21840.0,2,dark purple
679,349895.703332,65370.0,11.0,5.352542501636837,15.292644376398602,18.682710126901277,22880.0,1,purple
680,245394.06746666663,67730.0,7.25,3.623122212707318,16.27281614500442,27.600504241692875,15080.0,2,dark purple
681,777521.270825,91010.0,10.1,8.543250970497748,37.010723097153466,11.705146008858708,21008.0,1,purple
682,200776.66666,76320.0,7.25,2.630721523322851,13.314102563660477,38.01238523859056,15080.0,2,dark purple
683,367738.33332,72580.0,7.25,5.066662073849545,24.385831122015915,19.73685999627405,15080.0,1,purple
684,140619.97917150002,78020.0,12.0,1.802358102685209,5.633813268088943,55.482869830926994,24960.0,0,pink
685,188470.17982631573,70030.0,7.25,2.6912777356320965,12.498022534901573,37.157071778960464,15080.0,2,dark purple
686,199208.3333,73040.0,7.25,2.7273868195509308,13.210101677718832,36.66513282353736,15080.0,2,dark purple
687,210186.2348454545,55880.0,7.25,3.761385734528535,13.938079233783457,26.58594652551219,15080.0,2,dark purple
688,218723.479175,58330.0,7.25,3.749759629264529,14.504209494363394,26.66837607924586,15080.0,2,dark purple
689,435805.71666,93550.0,14.25,4.658532513735969,14.703296783400807,21.465987347977897,29640.0,1,purple
690,299193.74998333334,108200.0,12.5,2.765191774337646,11.507451922435898,36.16385703445587,26000.0,2,dark purple
691,294441.583325,75160.0,12.75,3.917530379523683,11.102623805618402,25.526285775008745,26520.0,2,dark purple
692,208120.3662695652,68990.0,9.87,3.0166743914997127,10.137575319030336,33.1490863852515,20529.6,2,dark purple
693,240759.56945,90390.0,8.42,2.663564215621197,13.747006295107804,37.54367903485217,17513.6,2,dark purple
694,200388.8676529412,71520.0,11.15,2.801857769196605,8.640430650782218,35.69060539024921,23192.0,2,dark purple
695,222845.8333,48610.0,7.25,4.584361927586916,14.777575152519894,21.81328646812083,15080.0,2,dark purple
696,456293.75,72980.0,9.2,6.252312277336257,23.8447820861204,15.994082759187474,19136.0,1,purple
697,281076.854153125,65070.0,7.25,4.319607409760643,18.63904868389423,23.150251982168253,15080.0,2,dark purple
698,278795.04165,78720.0,7.25,3.5416036794969514,18.487734857427057,28.23579628034608,15080.0,2,dark purple
699,250938.33335000003,78360.0,9.0,3.2023779141143445,13.404825499465812,31.22679542575355,18720.0,2,dark purple
700,346491.6875,84970.0,7.25,4.077812021890079,22.97690235411141,24.52295482557572,15080.0,1,purple
701,334608.47915,92340.0,11.9,3.6236569108728616,13.518442111748548,27.596431577158377,24752.0,1,purple
702,230323.06945,56420.0,11.5,4.082294743885147,9.628890863294314,24.496026444388807,23920.0,2,dark purple
703,464338.9583166667,72330.0,9.5,6.419728443476658,23.498935137483134,15.57698287092096,19760.0,1,purple
704,241338.14352222224,75910.0,13.2,3.179266809672273,8.789996486094925,31.45379296124828,27456.0,2,dark purple
705,164762.67448387097,67520.0,7.25,2.4402054870241554,10.925906796012663,40.98015537287828,15080.0,0,pink
706,178529.13568181815,63440.0,7.25,2.8141414830047,11.838802100916324,35.53481607229945,15080.0,0,pink
707,415267.6166666666,86780.0,13.5,4.785291733886456,14.788732787274451,20.89736750883176,28080.0,1,purple
708,206974.7689272728,72210.0,7.25,2.866289557225769,13.725117302869547,34.88831048067183,15080.0,2,dark purple
709,388708.3333,80650.0,12.25,4.819694151270924,15.255429093406594,20.748204525308022,25480.0,1,purple
710,270576.517675,61770.0,7.25,4.380387205358589,17.94273989887268,22.82903207224891,15080.0,2,dark purple
711,312761.6667,67180.0,9.95,4.655577057159869,15.112179488790105,21.479614400584087,20696.0,2,dark purple
712,259578.791665,65380.0,7.25,3.970308835500153,17.213447723143236,25.186957524779725,15080.0,2,dark purple
713,270197.5277777777,74640.0,7.25,3.620009750506132,17.917607942823455,27.624234986112533,15080.0,2,dark purple
714,529917.8452857144,95800.0,7.25,5.531501516552342,35.14044066881395,18.078273991385924,15080.0,1,purple
715,319745.3518333333,85170.0,11.0,3.754201618331964,13.974884258449883,26.636821930845368,22880.0,2,dark purple
716,467987.5,89430.0,14.49,5.2330034663983005,15.527535568296438,19.10948476187932,30139.2,1,purple
717,223892.57937142847,73330.0,7.25,3.0532194104926837,14.846988021978015,32.75231372378295,15080.0,2,dark purple
718,152927.0833,52460.0,7.25,2.9151178669462445,10.141053269230769,34.30393025746016,15080.0,0,pink
719,281688.8889,73090.0,7.25,3.854000395402928,18.67963454244032,25.94706531926684,15080.0,2,dark purple
