,Year,State,House Cost,Income,State_Minimum_Wage,House Category,Income Category,Multiplied_Income,Multiplied_Wage,Income_Percentage,Minimum_Wage_Yearly
0,2008,AL,137250.036361,44480.0,5.85,Low Median Price,Low Income,3.085657292288669,11.279588787064432,32.40800598624768,12168.0
1,2008,AR,114877.18181166668,39590.0,6.25,Low Median Price,Low Income,2.901671680011788,8.836706293205129,34.46289278309866,13000.0
2,2008,AZ,201922.81817142852,46910.0,6.9,Middle Median Price,Low Income,4.304472781313761,14.069315647396078,23.231648817507256,14352.0
3,2008,CA,336043.1818111111,57010.0,8.0,High Median Price,Middle Income,5.894460301896354,20.19490275307158,16.965081598365877,16640.0
4,2008,CO,230399.3522875,60940.0,7.02,Middle Median Price,Middle Income,3.780757339801444,15.779048343161024,26.449727134630585,14601.599999999999
5,2008,CT,269690.0,64680.0,7.65,Middle Median Price,Middle Income,4.169604205318491,16.94884364002011,23.983091697875338,15912.0
6,2008,DE,210382.95455,50700.0,7.15,Middle Median Price,Low Income,4.149565178500986,14.146244926707908,24.098910536000933,14872.0
7,2008,FL,191100.05928260868,44860.0,6.79,Middle Median Price,Low Income,4.259921071837019,13.530932032585298,23.47461333523644,14123.2
8,2008,GA,135955.6039035714,46230.0,5.15,Low Median Price,Low Income,2.9408523448750032,12.691897302424515,34.00374730620838,10712.0
9,2008,HI,395057.27273333335,61520.0,7.25,High Median Price,Middle Income,6.421607164065887,26.197431878868258,15.57242563194792,15080.0
10,2008,IA,133111.36364999998,50140.0,7.25,Low Median Price,Low Income,2.6547938502193853,8.82701350464191,37.66770816940692,15080.0
11,2008,ID,155434.90906666665,47420.0,5.85,Middle Median Price,Low Income,3.277834438352312,12.774072079772077,30.507947207445767,12168.0
12,2008,IL,109965.42207928572,53250.0,7.75,Low Median Price,Low Income,2.0650783489067743,6.821676307647998,48.42431283681741,16120.0
13,2008,IN,105640.19835,46520.0,5.85,Low Median Price,Low Income,2.2708555105331043,8.681804598126233,44.03626718483911,12168.0
14,2008,KS,116103.0,47880.0,2.65,Low Median Price,Low Income,2.424874686716792,21.06367924528302,41.23924446396734,5512.0
15,2008,KY,121147.94805,41150.0,5.85,Low Median Price,Low Income,2.9440570607533414,9.956274494575938,33.96673295945271,12168.0
16,2008,LA,134191.431825,39560.0,5.85,Low Median Price,Low Income,3.3920988833417596,11.028224180226825,29.4802726686682,12168.0
17,2008,MA,253549.27274,60320.0,8.0,Middle Median Price,Middle Income,4.203403062665783,15.23733610216346,23.790247689589965,16640.0
18,2008,MD,196141.4545375,63710.0,6.15,Middle Median Price,Middle Income,3.0786604071181918,15.333134344707629,32.48165980528067,12792.0
19,2008,ME,161086.03033333333,47230.0,7.0,Middle Median Price,Low Income,3.410671825816924,11.063600984432234,29.319736728422413,14560.0
20,2008,MI,116241.72158875,49790.0,7.15,Low Median Price,Low Income,2.334639919436634,7.8161458841278915,42.8331577677001,14872.0
21,2008,MN,150778.67534285714,54930.0,5.25,Middle Median Price,Low Income,2.744924000416114,13.807571002093145,36.430881140913414,10920.0
22,2008,MO,121736.62337111113,46040.0,6.65,Low Median Price,Low Income,2.6441490740901634,8.801086131514685,37.8193502703358,13832.0
23,2008,MS,129805.2273,36450.0,5.85,Low Median Price,Low Income,3.5611859341563785,10.667753722879684,28.08053324059007,12168.0
24,2008,MT,196231.52275,42900.0,4.0,Middle Median Price,Low Income,4.574161369463869,23.585519561298078,21.861930947075628,8320.0
25,2008,NC,162501.8181665,42930.0,6.15,Middle Median Price,Low Income,3.7852741245399484,12.703394165611318,26.418165953081065,12792.0
26,2008,ND,142256.63635000002,49630.0,5.85,Low Median Price,Low Income,2.866343670159178,11.691045064924394,34.88765183361514,12168.0
27,2008,NE,129142.04545,50730.0,5.85,Low Median Price,Low Income,2.5456740676128526,10.613251598454964,39.28232654456535,12168.0
28,2008,NH,214881.81816666664,66180.0,6.5,Middle Median Price,Middle Income,3.2469298604815147,15.89362560404339,30.798324662661532,13520.0
29,2008,NJ,253393.1818,65310.0,7.15,Middle Median Price,Middle Income,3.8798527300566525,17.038272041420118,25.77417416524978,14872.0
30,2008,NM,183217.8182,42100.0,6.5,Middle Median Price,Low Income,4.351967178147269,13.55161377218935,22.978114472492937,13520.0
31,2008,NV,253648.4091,54740.0,6.33,Middle Median Price,Low Income,4.633693991596639,19.26482630787459,21.581053945589286,13166.4
32,2008,NY,140712.36364642857,50460.0,7.15,Low Median Price,Low Income,2.788592224463507,9.461562913288635,35.86038830730758,14872.0
33,2008,OH,105116.91735545456,46930.0,7.0,Low Median Price,Low Income,2.239866127326967,7.219568499687813,44.64552536420513,14560.0
34,2008,OK,100026.81818,46110.0,2.0,Low Median Price,Low Income,2.1693085703751898,24.044908216346155,46.09763745261221,4160.0
35,2008,OR,223785.2121333333,51730.0,7.95,Middle Median Price,Low Income,4.326023818545009,13.533213118851796,23.11591525948497,16536.0
36,2008,PA,140053.10100722223,51400.0,7.15,Low Median Price,Low Income,2.7247685020860355,9.41723379553673,36.700365525893936,14872.0
37,2008,RI,239126.1818,53240.0,7.4,Middle Median Price,Low Income,4.491475991735537,15.53574465956341,22.264395976735326,15392.0
38,2008,SC,161191.02727,42160.0,5.85,Middle Median Price,Low Income,3.823316586100569,13.247125844017093,26.15530201279795,12168.0
39,2008,SD,129680.5455,51600.0,5.85,Low Median Price,Low Income,2.51318886627907,10.657507026627218,39.79008555296369,12168.0
40,2008,TN,113160.494320625,39700.0,5.85,Low Median Price,Low Income,2.8503902851542824,9.299843385981674,35.08291496811193,12168.0
41,2008,TX,130594.64334846154,46490.0,5.85,Low Median Price,Low Income,2.8090910593345138,10.732630123969555,35.59870359762935,12168.0
42,2008,UT,237227.2727333333,62540.0,5.85,Middle Median Price,Middle Income,3.7932087101588308,19.49599545803199,26.362904770355428,12168.0
43,2008,VA,212142.2841,61990.0,5.85,Middle Median Price,Middle Income,3.4222017115663816,17.43444149408284,29.220954352871516,12168.0
44,2008,WA,218314.5757555556,56630.0,8.07,Middle Median Price,Middle Income,3.8551046398650115,13.006063277783074,25.939633120698264,16785.600000000002
45,2008,WI,143507.16042352942,51200.0,6.5,Low Median Price,Low Income,2.802874227022059,10.614434942568744,35.677662249670746,13520.0
46,2008,WV,94840.81818,37990.0,6.55,Low Median Price,Low Income,2.496467969992103,6.961304916324134,40.056592434597235,13624.0
47,2008,WY,169667.45455,53340.0,5.15,Middle Median Price,Low Income,3.1808671644169477,15.839008079723675,31.437967960013815,10712.0
48,2009,AL,137360.766667,39980.0,6.55,Low Median Price,Low Income,3.435737035192596,10.082264141735173,29.10583638261312,13624.0
49,2009,AR,116049.72222666668,36540.0,6.25,Low Median Price,Low Income,3.17596393614304,8.926901709743591,31.486503628703726,13000.0
50,2009,AZ,180134.9642714286,45740.0,7.25,Middle Median Price,Low Income,3.9382370850771444,11.945289407919667,25.39207209716302,15080.0
51,2009,CA,274605.09876296297,56130.0,8.0,Middle Median Price,Middle Income,4.892305340512435,16.502710262197294,20.440261398223704,16640.0
52,2009,CO,268239.39814444445,55930.0,7.28,Middle Median Price,Middle Income,4.795984232870453,17.71445729504203,20.8507774722497,15142.4
53,2009,CT,248907.75,64850.0,8.0,Middle Median Price,Middle Income,3.838207401696222,14.9583984375,26.05382917968605,16640.0
54,2009,DE,205079.625,52110.0,7.15,Middle Median Price,Low Income,3.935513816925734,13.789646651425498,25.409642718041837,14872.0
55,2009,FL,160446.02173913043,45630.0,7.21,Middle Median Price,Low Income,3.5162397926611972,10.698683835160196,28.43947111022168,14996.8
56,2009,GA,132787.26785714284,43340.0,5.15,Low Median Price,Low Income,3.0638502043641633,12.3961228395391,32.63867138724978,10712.0
57,2009,HI,380432.859825,55650.0,7.25,High Median Price,Middle Income,6.83616998787062,25.227643224469496,14.62807393283512,15080.0
58,2009,IA,129820.8788,50720.0,7.25,Low Median Price,Low Income,2.5595599132492115,8.608811591511937,39.069216345498965,15080.0
59,2009,ID,143441.66666666666,46780.0,6.55,Low Median Price,Low Income,3.0663032635029213,10.528601487570953,32.612560274211354,13624.0
60,2009,IL,118551.92261714286,52870.0,8.0,Low Median Price,Low Income,2.2423287803507255,7.124514580357143,44.59649310854355,16640.0
61,2009,IN,100157.97784923078,44310.0,6.55,Low Median Price,Low Income,2.260392187976321,7.351583811599441,44.24011042505318,13624.0
62,2009,KS,116554.1667,44720.0,2.65,Low Median Price,Low Income,2.606309631037567,21.145530968795356,38.368426686199285,5512.0
63,2009,KY,121228.61905714286,42660.0,6.55,Low Median Price,Low Income,2.8417397809925657,8.898166401728043,35.189710426291,13624.0
64,2009,LA,140320.3541625,45430.0,6.55,Low Median Price,Low Income,3.0887156980519483,10.299497516331474,32.37591600388147,13624.0
65,2009,MA,234418.75,59370.0,8.0,Middle Median Price,Middle Income,3.948437763180057,14.087665264423077,25.326472391820193,16640.0
66,2009,MD,189065.833325,64190.0,6.55,Middle Median Price,Middle Income,2.9454094613646986,13.877409962199062,33.951136951148015,13624.0
67,2009,ME,143922.020825,47500.0,7.25,Low Median Price,Low Income,3.0299372805263163,9.543900585212203,33.003983495866116,15080.0
68,2009,MI,106628.2509782353,45990.0,7.4,Low Median Price,Low Income,2.3185094798485606,6.927511108253333,43.131158560771446,15392.0
69,2009,MN,141231.04761428572,56090.0,5.25,Low Median Price,Middle Income,2.517936309757278,12.933246118524334,39.715063328841595,10920.0
70,2009,MO,121268.46591,48770.0,7.05,Low Median Price,Low Income,2.4865381568587246,8.269808095335515,40.216555585188075,14664.0
71,2009,MS,130341.6667,35080.0,6.55,Low Median Price,Low Income,3.7155549230330673,9.567063028479154,26.913880179805926,13624.0
72,2009,MT,187220.77085,40440.0,4.0,Middle Median Price,Low Income,4.629593740108803,22.50249649639423,21.600167447446445,8320.0
73,2009,NC,158803.416668,41910.0,6.55,Middle Median Price,Low Income,3.789153344500119,11.656152133587785,26.391119838194992,13624.0
74,2009,ND,144089.58335,50080.0,6.55,Low Median Price,Low Income,2.8771881659345047,10.576158496036406,34.75615574399535,13624.0
75,2009,NE,127745.45835,49600.0,6.55,Low Median Price,Low Income,2.575513273185484,9.376501640487374,38.82721205172301,13624.0
76,2009,NH,188063.125,64130.0,7.25,Middle Median Price,Middle Income,2.932529627319507,12.47102950928382,34.10025224243189,15080.0
77,2009,NJ,237196.5625,64780.0,7.15,Middle Median Price,Middle Income,3.661570893794381,15.949204041151157,27.310682464042873,14872.0
78,2009,NM,178808.33335,43540.0,7.5,Middle Median Price,Low Income,4.10676006775379,11.462072650641026,24.35009553764738,15600.0
79,2009,NV,196084.84090000004,51430.0,6.55,Middle Median Price,Low Income,3.812654888197551,14.392604293893132,26.22844262919255,13624.0
80,2009,NY,141926.17777066666,50220.0,7.15,Low Median Price,Low Income,2.826088764848002,9.5431803234714,35.38459274310104,14872.0
81,2009,OH,99753.65639,45880.0,7.3,Low Median Price,Low Income,2.1742296510462076,6.569655979320338,45.993301559419656,15184.0
82,2009,OK,102571.666666,45880.0,2.0,Low Median Price,Low Income,2.235650973539669,24.656650640865386,44.72970118482836,4160.0
83,2009,OR,196091.56945,49100.0,8.4,Middle Median Price,Low Income,3.993718318737271,11.223189643429487,25.039322260368596,17472.0
84,2009,PA,137560.20370722222,48170.0,7.15,Low Median Price,Low Income,2.855723556305215,9.249610254654533,35.017395076357374,14872.0
85,2009,RI,211375.0,51630.0,7.4,Middle Median Price,Low Income,4.094034476079798,13.732783264033264,24.425783560023653,15392.0
86,2009,SC,157401.85833,41100.0,6.55,Middle Median Price,Low Income,3.829728913138686,11.553277916177333,26.111508743328827,13624.0
87,2009,SD,129680.5455,45830.0,6.55,Low Median Price,Low Income,2.8295995090552037,9.518536810041104,35.34069032737065,13624.0
88,2009,TN,113543.61319235292,40520.0,6.55,Low Median Price,Low Income,2.8021622209366464,8.334087873778106,35.68672764654366,13624.0
89,2009,TX,130899.41667461538,47480.0,6.55,Low Median Price,Low Income,2.7569380091536515,9.608001811113871,36.27212496906989,13624.0
90,2009,UT,220055.4583333333,58490.0,6.55,Middle Median Price,Middle Income,3.762274890294637,16.15204479839499,26.579663346228443,13624.0
91,2009,VA,201066.208325,60500.0,6.55,Middle Median Price,Middle Income,3.323408402066116,14.758236077877276,30.08959113716852,13624.0
92,2009,WA,210677.6759333333,60390.0,8.55,Middle Median Price,Middle Income,3.4886185781310366,11.846473005698003,28.664641249939443,17784.0
93,2009,WI,137628.59804117648,51240.0,6.5,Low Median Price,Low Income,2.685960149125224,10.179630032631396,37.23063427898157,13520.0
94,2009,WV,89833.33333,40490.0,7.25,Low Median Price,Low Income,2.2186548118053837,5.957117594827586,45.07235621688581,15080.0
95,2009,WY,169919.5,52470.0,5.15,Middle Median Price,Low Income,3.238412426148275,15.862537341299477,30.87932815244866,10712.0
96,2010,AL,135487.333343,40930.0,7.25,Low Median Price,Low Income,3.31022070224774,8.984571176591512,30.209466073394132,15080.0
97,2010,AR,118584.02779999998,38590.0,6.25,Low Median Price,Low Income,3.0729211661052083,9.121848292307691,32.542325232100104,13000.0
98,2010,AZ,162125.11175,46900.0,7.25,Middle Median Price,Low Income,3.4568254104477614,10.751002105437667,28.928276128081066,15080.0
99,2010,CA,267269.9396586207,54280.0,8.0,Middle Median Price,Low Income,4.923911931809519,16.061895412176725,20.30905535778955,16640.0
100,2010,CO,280636.60834,60230.0,7.24,Middle Median Price,Middle Income,4.659415712103603,18.635558883606034,21.46191844188392,15059.2
101,2010,CT,258195.25002,66000.0,8.25,Middle Median Price,Middle Income,3.9120492427272726,15.046343241258741,25.562050423037448,17160.0
102,2010,DE,203927.20835,55210.0,7.25,Middle Median Price,Middle Income,3.6936643425104148,13.523024426392572,27.073385864844063,15080.0
103,2010,FL,148791.27899260868,44070.0,7.25,Low Median Price,Low Income,3.376248672398654,9.866795689165032,29.61867140223266,15080.0
104,2010,GA,129218.95001333332,44120.0,5.15,Low Median Price,Low Income,2.9288066639468116,12.063008776450086,34.14359890360317,10712.0
105,2010,HI,377184.3125,59540.0,7.25,High Median Price,Middle Income,6.334973337252268,25.01222231432361,15.785386090255276,15080.0
106,2010,IA,118771.1647725,49020.0,7.25,Low Median Price,Low Income,2.4229123780599755,7.876071934515915,41.27264399056393,15080.0
107,2010,ID,131297.36113333332,47050.0,7.25,Low Median Price,Low Income,2.7905921601133543,8.706721560565871,35.834688217549484,15080.0
108,2010,IL,112260.289904,50730.0,8.25,Low Median Price,Low Income,2.2128974946579936,6.541974936130536,45.18962140876532,17160.0
109,2010,IN,104092.93589461538,46140.0,7.25,Low Median Price,Low Income,2.2560237515087858,6.902714581871046,44.32577446630245,15080.0
110,2010,KS,118070.1667,46050.0,7.25,Low Median Price,Low Income,2.5639558458197613,7.829586651193634,39.00223171278033,15080.0
111,2010,KY,123041.64285714286,41100.0,7.25,Low Median Price,Low Income,2.9937139381299964,8.159260136415309,33.403325122795245,15080.0
112,2010,LA,140192.7291875,39300.0,7.25,Low Median Price,Low Income,3.5672450174936383,9.296600078746684,28.03283752857,15080.0
113,2010,MA,245230.83334,60930.0,8.0,Middle Median Price,Middle Income,4.02479621434433,14.737429888221154,24.845978448200952,16640.0
114,2010,MD,183440.1041675,64200.0,7.25,Middle Median Price,Middle Income,2.857322494820872,12.164463141080901,34.99779957679194,15080.0
115,2010,ME,146730.81247499998,47930.0,7.5,Low Median Price,Low Income,3.061356404652618,9.405821312499999,32.66525904923093,15600.0
116,2010,MI,104835.79670833336,46280.0,7.4,Low Median Price,Low Income,2.265250577103141,6.811057478452012,44.145226585874,15392.0
117,2010,MN,134156.90556666665,52320.0,5.25,Low Median Price,Low Income,2.5641610391182463,12.285430912698411,38.99911061529412,10920.0
118,2010,MO,119413.908337,45820.0,7.25,Low Median Price,Low Income,2.606152517175906,7.918694186803713,38.37073975561591,15080.0
119,2010,MS,122513.9167,38160.0,7.25,Low Median Price,Low Income,3.2105324082809226,8.1242650331565,31.147481876236515,15080.0
120,2010,MT,186467.5,41280.0,4.0,Middle Median Price,Low Income,4.5171390503875966,22.411959134615383,22.137906069422286,8320.0
121,2010,NC,150910.4617947826,43830.0,7.25,Middle Median Price,Low Income,3.443086055094287,10.007325052704417,29.043712065239554,15080.0
122,2010,ND,151024.91665,51010.0,7.25,Middle Median Price,Low Income,2.960692347578906,10.014914897214855,33.775883563780134,15080.0
123,2010,NE,129883.33335,52500.0,7.25,Low Median Price,Low Income,2.4739682542857144,8.612953139920425,40.420890537607995,15080.0
124,2010,NH,188572.916675,66630.0,7.25,Middle Median Price,Middle Income,2.8301503328080444,12.504835323275861,35.333812073785175,15080.0
125,2010,NJ,239692.270825,62970.0,7.25,Middle Median Price,Middle Income,3.8064518155470863,15.89471291942971,26.271185042080297,15080.0
126,2010,NM,176131.04165,45130.0,7.5,Middle Median Price,Low Income,3.902748540881897,11.290451387820513,25.622967750159788,15600.0
127,2010,NV,173205.01666,51200.0,6.55,Middle Median Price,Low Income,3.382910481640625,12.713227881679389,29.560344721715058,13624.0
128,2010,NY,145095.253698,49780.0,7.25,Low Median Price,Low Income,2.914729885456006,9.621701173607427,34.30849647474456,15080.0
129,2010,OH,99854.18333733334,45890.0,7.3,Low Median Price,Low Income,2.1759464662744246,6.576276563312259,45.9570129825925,15184.0
130,2010,OK,106461.249994,43100.0,2.0,Low Median Price,Low Income,2.47009860774942,25.591646633173077,40.48421374202262,4160.0
131,2010,OR,189562.61805,50600.0,8.4,Middle Median Price,Low Income,3.7462967994071144,10.849508816964285,26.69302656848382,17472.0
132,2010,PA,137581.82407055554,48310.0,7.25,Low Median Price,Low Income,2.847895344039651,9.123463134652225,35.11364987807211,15080.0
133,2010,RI,213631.3333,51620.0,7.4,Middle Median Price,Low Income,4.138538033707865,13.87937456470894,24.163122142532636,15392.0
134,2010,SC,161436.09166,41700.0,7.25,Middle Median Price,Low Income,3.871369104556355,10.705311118037136,25.83065507298345,15080.0
135,2010,SD,143054.1667,45350.0,7.25,Low Median Price,Low Income,3.154446895259096,9.486350576923076,31.70127864580403,15080.0
136,2010,TN,114240.01469941175,38590.0,7.25,Low Median Price,Low Income,2.960352803819947,7.57559779173818,33.77975755827586,15080.0
137,2010,TX,130445.50270214288,47270.0,7.25,Low Median Price,Low Income,2.7595833023512353,8.65023227467791,36.23735507994901,15080.0
138,2010,UT,213898.6389,56700.0,7.25,Middle Median Price,Middle Income,3.772462767195767,14.184259874005305,26.50788256137894,15080.0
139,2010,VA,203735.625,60370.0,7.25,Middle Median Price,Middle Income,3.3747825906907405,13.510319960212202,29.63153842142237,15080.0
140,2010,WA,209117.15740000003,56160.0,8.55,Middle Median Price,Middle Income,3.723596107549858,11.758724550157446,26.8557590865569,17784.0
141,2010,WI,134585.69444444444,50350.0,7.25,Low Median Price,Low Income,2.673002868807238,8.924780798703212,37.41110837064778,15080.0
142,2010,WV,93985.16667,42780.0,7.25,Low Median Price,Low Income,2.1969417173913044,6.232438108090186,45.517821072987836,15080.0
143,2010,WY,168092.0833,52200.0,5.15,Middle Median Price,Low Income,3.2201548524904213,15.691942055638537,31.05440718872928,10712.0
144,2011,AL,132609.175004,42590.0,7.25,Low Median Price,Low Income,3.113622329279173,8.793711870291776,32.116933084543604,15080.0
145,2011,AR,118323.00001666666,41300.0,6.25,Low Median Price,Low Income,2.8649636807909604,9.101769232051282,34.90445644057588,13000.0
146,2011,AZ,147805.12542222222,48620.0,7.35,Low Median Price,Low Income,3.040006693176105,9.668048497005639,32.89466441783491,15288.0
147,2011,CA,246635.45555666665,53370.0,8.0,Middle Median Price,Low Income,4.621237690775092,14.821842281049678,21.639224530610026,16640.0
148,2011,CO,272027.6666666667,58630.0,7.36,Middle Median Price,Middle Income,4.639735061686282,17.769365767837236,21.552954785236302,15308.800000000001
149,2011,CT,243652.68332,65420.0,8.25,Middle Median Price,Middle Income,3.724437225924794,14.19887431934732,26.849694043418754,17160.0
150,2011,DE,189007.08335,54660.0,7.25,Middle Median Price,Low Income,3.457868337907062,12.533626216843501,28.91955107247572,15080.0
151,2011,FL,140227.64130478262,45110.0,7.25,Low Median Price,Low Income,3.108571077472459,9.298915205887441,32.1691212804144,15080.0
152,2011,GA,117698.39432764704,45970.0,5.15,Low Median Price,Low Income,2.5603305270316956,10.98752747644203,39.05745720882937,10712.0
153,2011,HI,358858.145825,59050.0,7.25,High Median Price,Middle Income,6.0771912925486875,23.796959272214856,16.454969933661808,15080.0
154,2011,IA,122641.666675,50220.0,7.25,Low Median Price,Low Income,2.4420881456591,8.132736516909814,40.948562883675436,15080.0
155,2011,ID,119189.72223333332,47460.0,7.25,Low Median Price,Low Income,2.511372149880601,7.903827734305923,39.81886953901051,15080.0
156,2011,IL,104271.52123764704,50640.0,8.25,Low Median Price,Low Income,2.059074274045163,6.076428976552858,48.56551376534106,17160.0
157,2011,IN,100186.83333142856,44450.0,7.25,Low Median Price,Low Income,2.253922009705929,6.643689212959453,44.36710745508318,15080.0
158,2011,KS,118016.6667,46150.0,7.25,Low Median Price,Low Income,2.5572408819068255,7.826038905835544,39.10464622536234,15080.0
159,2011,KY,121225.638875,39860.0,7.25,Low Median Price,Low Income,3.0412854710235826,8.038835469164457,32.88083310585893,15080.0
160,2011,LA,141761.84375,40660.0,7.25,Low Median Price,Low Income,3.4865185378750616,9.400652768567639,28.681906868892572,15080.0
161,2011,MA,236666.05,63310.0,8.0,Middle Median Price,Middle Income,3.7382096035381456,14.222719350961539,26.750773928072913,16640.0
162,2011,MD,175476.458325,68880.0,7.25,Middle Median Price,Middle Income,2.547567629573171,11.63636991545093,39.25312868602997,15080.0
163,2011,ME,144125.416675,49690.0,7.5,Low Median Price,Low Income,2.900491380056349,9.238808761217948,34.47691680368216,15600.0
164,2011,MI,101441.89583449998,48880.0,7.4,Low Median Price,Low Income,2.0753252011968084,6.590559760557431,48.18521932964122,15392.0
165,2011,MN,129558.32574818184,57820.0,5.25,Low Median Price,Middle Income,2.240718190041194,11.864315544705297,44.62854831296816,10920.0
166,2011,MO,115899.22045,45770.0,7.25,Low Median Price,Low Income,2.5322093172383657,7.685624698275862,39.491206086019886,15080.0
167,2011,MS,113260.416665,41090.0,7.25,Low Median Price,Low Income,2.7563985559746897,7.510637709880636,36.27922376582403,15080.0
168,2011,MT,182503.3125,40280.0,4.0,Middle Median Price,Low Income,4.530866745283019,21.935494290865385,22.07083227598951,8320.0
169,2011,NC,145325.79155384615,45210.0,7.25,Low Median Price,Low Income,3.214461215524135,9.636988829830647,31.109412525201197,15080.0
170,2011,ND,153889.5833,56360.0,7.25,Middle Median Price,Middle Income,2.7304752182398864,10.204879529177719,36.62366145350398,15080.0
171,2011,NE,129060.25,55620.0,7.25,Low Median Price,Middle Income,2.320392844300611,8.55837201591512,43.096150828779585,15080.0
172,2011,NH,179248.95835,65880.0,7.25,Middle Median Price,Middle Income,2.7208402906800244,11.886535699602122,36.75335165483264,15080.0
173,2011,NJ,232161.750025,62340.0,7.25,Middle Median Price,Middle Income,3.7241217520853382,15.395341513594163,26.851968506132906,15080.0
174,2011,NM,165845.83335,41980.0,7.5,Middle Median Price,Low Income,3.9505915519294903,10.63114316346154,25.312664871963154,15600.0
175,2011,NV,145747.40278333332,47040.0,7.25,Low Median Price,Low Income,3.098371657808957,9.664947134173298,32.27501766870537,15080.0
176,2011,NY,142486.322908125,50640.0,7.25,Low Median Price,Low Income,2.8137109579013626,9.448695153058686,35.54025324427286,15080.0
177,2011,OH,98290.40510736842,44650.0,7.4,Low Median Price,Low Income,2.2013528579477812,6.385811142630485,45.42661102192647,15392.0
178,2011,OK,102757.31945,48460.0,2.0,Low Median Price,Low Income,2.1204564475856373,24.70127871394231,47.15965758875195,4160.0
179,2011,OR,166992.22024285715,51530.0,8.5,Middle Median Price,Low Income,3.2406796088270355,9.445261325953458,30.85772494374876,17680.0
180,2011,PA,131105.0549215,49910.0,7.25,Low Median Price,Low Income,2.626829391334402,8.693969159250663,38.0687075947483,15080.0
181,2011,RI,202187.5,49030.0,7.4,Middle Median Price,Low Income,4.123750764837855,13.135882276507276,24.249768160741887,15392.0
182,2011,SC,153677.77499,40080.0,7.25,Middle Median Price,Low Income,3.8342758231037926,10.190833885278515,26.080544179279048,15080.0
183,2011,SD,137664.8333,47220.0,7.25,Low Median Price,Low Income,2.915392488352393,9.128967725464191,34.30069892802464,15080.0
184,2011,TN,111950.57870944444,42280.0,7.25,Low Median Price,Low Income,2.647837717820351,7.423778429008252,37.766664976099094,15080.0
185,2011,TX,132539.68021941176,49050.0,7.25,Low Median Price,Low Income,2.7021341533009533,8.789103462825715,37.00778507900469,15080.0
186,2011,UT,196456.80556666665,55490.0,7.25,Middle Median Price,Middle Income,3.5404001724034355,13.02763962643678,28.245394625013255,15080.0
187,2011,VA,197140.9895875,62620.0,7.25,Middle Median Price,Middle Income,3.1482112677658893,13.07300991959549,31.764069020362935,15080.0
188,2011,WA,199282.62963333333,56850.0,8.67,Middle Median Price,Middle Income,3.505411251245969,11.050629360379144,28.527323281813466,18033.6
189,2011,WI,125265.01852444444,52060.0,7.25,Low Median Price,Low Income,2.406166318179878,8.30669884114353,41.559886880822134,15080.0
190,2011,WV,92366.66667,41820.0,7.25,Low Median Price,Low Income,2.2086720868005743,6.12511052188329,45.27607361799797,15080.0
191,2011,WY,165967.0833,54510.0,5.15,Middle Median Price,Low Income,3.0447089212988443,15.493566402165795,32.84386211780828,10712.0
192,2012,AL,140877.35834,43460.0,7.25,Low Median Price,Low Income,3.241540688909342,9.341999889920425,30.84952792421874,15080.0
193,2012,AR,122112.20237142856,39020.0,6.25,Low Median Price,Low Income,3.1294772519587024,9.393246336263735,31.95421853199642,13000.0
194,2012,AZ,150105.9537111111,47040.0,7.65,Middle Median Price,Low Income,3.1910279275321236,9.433506392100998,31.337864246565207,15912.0
195,2012,CA,252492.79444,57020.0,8.0,Middle Median Price,Middle Income,4.428144413188355,15.173845819711538,22.58282266092536,16640.0
196,2012,CO,259196.2613642857,57260.0,7.64,Middle Median Price,Middle Income,4.526654931265904,16.310678952142425,22.09136802306122,15891.199999999999
197,2012,CT,239069.99998,64250.0,8.25,Middle Median Price,Middle Income,3.7209338518287938,13.93181818065268,26.874973859277617,17160.0
198,2012,DE,190256.16665,48970.0,7.25,Middle Median Price,Low Income,3.8851575791300794,12.616456674403183,25.738981743538663,15080.0
199,2012,FL,141325.63888333333,46070.0,7.67,Low Median Price,Low Income,3.0676283673395557,8.858542202595862,32.598472834806394,15953.6
200,2012,GA,120859.4901982353,48120.0,5.15,Low Median Price,Low Income,2.511626978350692,11.282626045391645,39.81482953558132,10712.0
201,2012,HI,365012.97915,56260.0,7.25,High Median Price,Middle Income,6.4879662131176685,24.205104718169764,15.413150549060415,15080.0
202,2012,IA,124318.75,53440.0,7.25,Low Median Price,Low Income,2.3263239146706587,8.243948938992043,42.98627519983913,15080.0
203,2012,ID,133340.92805,47920.0,7.25,Low Median Price,Low Income,2.782573623747913,8.842236608090184,35.93795296072263,15080.0
204,2012,IL,107180.6715682353,51740.0,8.25,Low Median Price,Low Income,2.071524382841811,6.245959881598793,48.273629230864024,17160.0
205,2012,IN,104806.43452642857,46160.0,7.25,Low Median Price,Low Income,2.270503347626269,6.9500288147499045,44.043097361889586,15080.0
206,2012,KS,119895.8333,50000.0,7.25,Low Median Price,Low Income,2.397916666,7.950652075596817,41.7028670837054,15080.0
207,2012,KY,121920.1458375,41090.0,7.25,Low Median Price,Low Income,2.9671488400462396,8.084890307526525,33.70238750761206,15080.0
208,2012,LA,145216.46875,39090.0,7.25,Low Median Price,Low Income,3.7149262918905093,9.629739307029178,26.918434483692128,15080.0
209,2012,MA,235907.45,63660.0,8.0,Middle Median Price,Middle Income,3.705740653471568,14.177130408653847,26.985158798503395,16640.0
210,2012,MD,178056.87501750002,71840.0,7.25,Middle Median Price,Middle Income,2.478519975187918,11.807485080736075,40.34665889364807,15080.0
211,2012,ME,148530.47915,49160.0,7.5,Low Median Price,Low Income,3.0213685750610253,9.521184560897435,33.097583931142935,15600.0
212,2012,MI,104606.64393636365,50020.0,7.4,Low Median Price,Low Income,2.0912963601831995,6.79616969441032,47.81723045280866,15392.0
213,2012,MN,133395.79546636363,61800.0,5.25,Low Median Price,Middle Income,2.158508017255075,12.215732185564436,46.32829676823146,10920.0
214,2012,MO,121585.391664,49760.0,7.25,Low Median Price,Low Income,2.443436327652733,8.062691754907162,40.925969245969334,15080.0
215,2012,MS,116989.58335,36640.0,7.25,Low Median Price,Low Income,3.1929471438318777,7.757929930371353,31.31902768675003,15080.0
216,2012,MT,185285.9375,45090.0,4.0,Middle Median Price,Low Income,4.109246784209359,22.269944411057693,24.33536004317651,8320.0
217,2012,NC,147863.15327964287,41550.0,7.25,Low Median Price,Low Income,3.558679982662885,9.805248891223002,28.100306992249447,15080.0
218,2012,ND,160575.0,55770.0,7.25,Middle Median Price,Middle Income,2.8792361484669176,10.648209549071618,34.73143390938814,15080.0
219,2012,NE,132725.0,52200.0,7.25,Low Median Price,Low Income,2.542624521072797,8.801392572944296,39.32944057261255,15080.0
220,2012,NH,176597.916675,67820.0,7.25,Middle Median Price,Middle Income,2.6039209182394574,11.710737180039787,38.403624050000424,15080.0
221,2012,NJ,228819.374975,66690.0,7.25,Middle Median Price,Middle Income,3.431089743214875,15.173698605769232,29.14525922784568,15080.0
222,2012,NM,165757.66665,43420.0,7.5,Middle Median Price,Low Income,3.8175418390142792,10.625491451923077,26.194866806180393,15600.0
223,2012,NV,145303.02777166668,47330.0,7.25,Low Median Price,Low Income,3.069998473941827,9.63547929520336,32.57330609405863,15080.0
224,2012,NY,140708.11979625002,47680.0,7.25,Low Median Price,Low Income,2.951093116532089,9.33077717481764,33.885748789083536,15080.0
225,2012,OH,100190.8166785,44380.0,7.7,Low Median Price,Low Income,2.2575668471946826,6.255670372034216,44.29547684236366,16016.0
226,2012,OK,108327.73609333334,48410.0,2.0,Low Median Price,Low Income,2.237714027955657,26.040321176282053,44.68846275739647,4160.0
227,2012,OR,171547.55706,51780.0,8.8,Middle Median Price,Low Income,3.3130080544611817,9.372134891826922,30.18404976871199,18304.0
228,2012,PA,132702.7375085,51900.0,7.25,Low Median Price,Low Income,2.5568928228998073,8.799916280404508,39.10996937548154,15080.0
229,2012,RI,196072.5,56070.0,7.4,Middle Median Price,Middle Income,3.496923488496522,12.738597972972974,28.596565046092643,15392.0
230,2012,SC,153789.80833,44400.0,7.25,Middle Median Price,Low Income,3.463734421846847,10.198263151856764,28.870573727959336,15080.0
231,2012,SD,151623.0644,49420.0,7.25,Middle Median Price,Low Income,3.068050675839741,10.054579867374006,32.59398574719744,15080.0
232,2012,TN,113541.85185944445,43000.0,7.25,Low Median Price,Low Income,2.640508182777778,7.529300521183319,37.87149786250667,15080.0
233,2012,TX,135880.591665,51930.0,7.25,Low Median Price,Low Income,2.6166106617562104,9.010649314655174,38.21737848185723,15080.0
234,2012,UT,207521.8610833333,58340.0,7.25,Middle Median Price,Middle Income,3.557111091589532,13.761396623563217,28.11270084773033,15080.0
235,2012,VA,200740.947925,64630.0,7.25,Middle Median Price,Middle Income,3.1060025982515858,13.311733947281166,32.19572322840021,15080.0
236,2012,WA,195305.12963333333,62190.0,9.04,Middle Median Price,Middle Income,3.1404587495310072,10.386802758750285,31.842481616717272,18803.199999999997
237,2012,WI,127056.25925888888,53080.0,7.25,Low Median Price,Low Income,2.3936748164824584,8.425481383215443,41.77676905460012,15080.0
238,2012,WV,101287.5,43550.0,7.25,Low Median Price,Low Income,2.3257749712973594,6.716677718832892,42.99642107861286,15080.0
239,2012,WY,176419.5833,57510.0,5.15,Middle Median Price,Middle Income,3.0676331646670145,16.46934123412995,32.598421855585464,10712.0
240,2013,AL,149135.32224,47320.0,7.25,Low Median Price,Low Income,3.1516340287404905,9.88961022811671,31.729572370420083,15080.0
241,2013,AR,119430.20835375,39380.0,6.25,Low Median Price,Low Income,3.0327630359002034,9.186939104134616,32.97323226914014,13000.0
242,2013,AZ,160833.32408888888,52610.0,7.8,Middle Median Price,Low Income,3.0570865631797925,9.913296603111988,32.71088270918511,16224.0
243,2013,CA,295483.9527733333,60790.0,8.0,Middle Median Price,Middle Income,4.860732896419367,17.757449084935896,20.573029238793286,16640.0
244,2013,CO,262446.01785,67910.0,7.78,Middle Median Price,Middle Income,3.864615194374908,16.21799101801958,25.875797452112113,16182.4
245,2013,CT,239710.51666,69290.0,8.25,Middle Median Price,Middle Income,3.459525424447972,13.969144327505827,28.905698826004944,17160.0
246,2013,DE,192883.91665,54090.0,7.25,Middle Median Price,Low Income,3.5659810806063965,12.790710653183023,28.04277357046296,15080.0
247,2013,FL,155501.44097916668,48530.0,7.79,Middle Median Price,Low Income,3.204233277955217,9.59695868588715,31.20871401217549,16203.2
248,2013,GA,123948.82895052632,46990.0,5.15,Low Median Price,Low Income,2.6377703543419093,11.57102585423136,37.91080593327418,10712.0
249,2013,HI,390027.97915,64240.0,7.25,High Median Price,Middle Income,6.0714193516500625,25.86392434681698,16.470613246772757,15080.0
250,2013,IA,128575.520825,60160.0,7.25,Low Median Price,Middle Income,2.137226077543218,8.526228171419097,46.78962186113315,15080.0
251,2013,ID,145320.854175,48470.0,7.25,Low Median Price,Low Income,2.9981608041056322,9.636661417440317,33.35378137925812,15080.0
252,2013,IL,107129.5147152941,53940.0,8.25,Low Median Price,Low Income,1.986086665096294,6.242978713012477,50.35027008509297,17160.0
253,2013,IN,107810.00594785716,49460.0,7.25,Low Median Price,Low Income,2.1797413252700597,7.149204638452066,45.87700331258823,15080.0
254,2013,KS,120783.1667,47820.0,7.25,Low Median Price,Low Income,2.525787676704308,8.009493812997347,39.59160974705592,15080.0
255,2013,KY,120280.47223333332,44880.0,7.25,Low Median Price,Low Income,2.680046172756981,7.976158636162687,37.31278998717001,15080.0
256,2013,LA,148850.104175,46430.0,7.25,Low Median Price,Low Income,3.2059036005815202,9.870696563328911,31.192453816097576,15080.0
257,2013,MA,245292.93332,62530.0,8.0,Middle Median Price,Middle Income,3.9228039872061413,14.741161858173077,25.49196960290156,16640.0
258,2013,MD,206485.333334,69350.0,7.25,Middle Median Price,Middle Income,2.977438115847152,13.692661361671087,33.58592054953512,15080.0
259,2013,ME,151954.56252500002,54960.0,7.5,Middle Median Price,Low Income,2.764821006641194,9.740677084935898,36.168706675693144,15600.0
260,2013,MI,111589.35226636364,56570.0,7.4,Low Median Price,Middle Income,1.9725888680637023,7.2498279798832925,50.69480093850485,15392.0
261,2013,MN,142782.23484272728,64320.0,5.25,Low Median Price,Middle Income,2.219873054146879,13.075296231018982,45.047620994900115,10920.0
262,2013,MO,125666.058343,46300.0,7.35,Low Median Price,Low Income,2.7141697266306695,8.219914857600733,36.84367967810861,15288.0
263,2013,MS,121648.5833,32340.0,7.25,Low Median Price,Low Income,3.7615517408781693,8.066882181697613,26.58477322357769,15080.0
264,2013,MT,194763.333325,43200.0,4.0,Middle Median Price,Low Income,4.508410493634259,23.409054486177887,22.1807664011955,8320.0
265,2013,NC,147772.03735413792,46340.0,7.25,Low Median Price,Low Income,3.1888657176119533,9.79920672109668,31.359112880703872,15080.0
266,2013,ND,178976.83329999997,59150.0,7.25,Middle Median Price,Middle Income,3.0258129044801345,11.868490271883287,33.04897003113979,15080.0
267,2013,NE,135760.41665,57620.0,7.25,Low Median Price,Middle Income,2.3561335760152726,9.002680149204243,42.442415412254114,15080.0
268,2013,NH,186272.916675,69100.0,7.25,Middle Median Price,Middle Income,2.6957006754703325,12.352315429376658,37.096106741358625,15080.0
269,2013,NJ,224881.3125,63750.0,7.25,Middle Median Price,Middle Income,3.52755,14.912553879310344,28.348287054754717,15080.0
270,2013,NM,149147.63890000002,40170.0,7.5,Low Median Price,Low Income,3.712911100323625,9.560746083333335,26.93304452974481,15600.0
271,2013,NV,173935.41668333334,51850.0,7.25,Middle Median Price,Low Income,3.3545885570556093,11.534178825154731,29.809915075776694,15080.0
272,2013,NY,145296.192710625,49970.0,7.25,Low Median Price,Low Income,2.9076684552856715,9.635026041818634,34.39181651478048,15080.0
273,2013,OH,102325.62540142858,50750.0,7.85,Low Median Price,Low Income,2.016268480816327,6.266880536589207,49.59656957961918,16328.0
274,2013,OK,113454.7639,46160.0,2.0,Low Median Price,Low Income,2.4578588366551126,27.272779783653846,40.68581909939526,4160.0
275,2013,OR,185287.03333333333,49000.0,8.95,Middle Median Price,Low Income,3.7813680272108843,9.953106646612232,26.445455528368512,18616.0
276,2013,PA,133818.07501149998,55160.0,7.25,Low Median Price,Middle Income,2.4259984592367654,8.873877653282491,41.22014159541578,15080.0
277,2013,RI,205066.6667,56320.0,7.75,Middle Median Price,Middle Income,3.6410984854403408,12.721257239454095,27.464239267317257,16120.0
278,2013,SC,153595.03030909091,43560.0,7.25,Middle Median Price,Low Income,3.5260567104933633,10.185346837472872,28.360292590418396,15080.0
279,2013,SD,156614.625,53410.0,7.25,Middle Median Price,Low Income,2.932309024527242,10.385585212201592,34.10281766469766,15080.0
280,2013,TN,117257.31944666668,43360.0,7.25,Low Median Price,Low Income,2.704273972478475,7.7756843134394344,36.97850181516546,15080.0
281,2013,TX,143524.05555714286,51410.0,7.25,Low Median Price,Low Income,2.7917536579876066,9.517510315460402,35.819779339729955,15080.0
282,2013,UT,230311.09725,61050.0,7.25,Middle Median Price,Middle Income,3.7724995454545454,15.272619181034482,26.507624134902603,15080.0
283,2013,VA,209423.53125,65910.0,7.25,Middle Median Price,Middle Income,3.177416647701411,13.887502072281167,31.472108032272523,15080.0
284,2013,WA,203448.75926666663,63920.0,9.19,Middle Median Price,Middle Income,3.1828654453483516,10.643297442175161,31.418230433255218,19115.2
285,2013,WI,132145.11110944446,51730.0,7.25,Low Median Price,Low Income,2.5545159696393673,8.762938402483055,39.146359305836505,15080.0
286,2013,WV,103564.5833,43070.0,7.25,Low Median Price,Low Income,2.404564274436963,6.867677937665783,41.58757620376579,15080.0
287,2013,WY,181369.7917,67440.0,5.15,Middle Median Price,Middle Income,2.6893504107354684,16.931459269977594,37.183700421044264,10712.0
288,2014,AL,145498.94698181818,42280.0,7.25,Low Median Price,Low Income,3.4413185189644793,9.648471285266458,29.0586295482148,15080.0
289,2014,AR,121175.61728111112,44920.0,6.25,Low Median Price,Low Income,2.6975872057237558,9.32120132931624,37.07016395533736,13000.0
290,2014,AZ,172278.8148,49250.0,7.9,Middle Median Price,Low Income,3.4980470010152285,10.484348515092503,28.58738032135568,16432.0
291,2014,CA,326351.38889,60490.0,9.0,High Median Price,Middle Income,5.395129589849562,17.433300688568377,18.53523596321778,18720.0
292,2014,CO,273673.4761857143,60940.0,8.0,Middle Median Price,Middle Income,4.490867676168597,16.44672332846841,22.26741182570657,16640.0
293,2014,CT,241224.55,70160.0,8.7,Middle Median Price,Middle Income,3.438206242873432,13.330269120247568,29.08493351941169,18096.0
294,2014,DE,192545.75,57520.0,7.75,Middle Median Price,Middle Income,3.3474574061196107,11.944525434243177,29.873419693761093,16120.0
295,2014,FL,167682.55208041664,46140.0,7.93,Middle Median Price,Low Income,3.634212225409984,10.166029202663733,27.516279677012744,16494.399999999998
296,2014,GA,129418.6306785,49560.0,5.15,Low Median Price,Low Income,2.6113525157082327,12.081649615244586,38.29433192127977,10712.0
297,2014,HI,418471.625,71220.0,7.25,High Median Price,Middle Income,5.875759969109801,27.75010775862069,17.019075068709853,15080.0
298,2014,IA,127735.911106,57810.0,7.25,Low Median Price,Middle Income,2.209581579415326,8.470551134350133,45.25743739521075,15080.0
299,2014,ID,150202.479175,53440.0,7.25,Middle Median Price,Low Income,2.8106751342627243,9.96037660311671,35.57864044157179,15080.0
300,2014,IL,107957.67157235292,54920.0,8.25,Low Median Price,Low Income,1.9657259936699367,6.291239602118469,50.87179002669836,17160.0
301,2014,IN,110326.96428785716,48060.0,7.25,Low Median Price,Low Income,2.2956089115242855,7.316111690176204,43.56142699132491,15080.0
302,2014,KS,122466.6667,53440.0,7.25,Low Median Price,Low Income,2.291666667290419,8.12113174403183,43.63636362448656,15080.0
303,2014,KY,117503.076667,42790.0,7.25,Low Median Price,Low Income,2.7460405858144425,7.791981211339523,36.416067743711515,15080.0
304,2014,LA,151316.145825,42410.0,7.25,Middle Median Price,Low Income,3.567935529945768,10.034227176724139,28.027412255826267,15080.0
305,2014,MA,251669.88334,63150.0,8.0,Middle Median Price,Middle Income,3.985271311797308,15.12439202764423,25.09239451376304,16640.0
306,2014,MD,213975.833334,76170.0,7.25,Middle Median Price,Middle Income,2.8091877817250888,14.189378868302388,35.59747790821986,15080.0
307,2014,ME,150803.64585,51710.0,7.5,Middle Median Price,Low Income,2.916334284471089,9.666900375,34.28962191765206,15600.0
308,2014,MI,117475.8446890909,52010.0,8.15,Low Median Price,Low Income,2.2587164908496615,6.929910611673602,44.272931288682,16952.0
309,2014,MN,147577.66667272727,67240.0,6.5,Low Median Price,Middle Income,2.194789807744308,10.91550788999462,45.56244960093689,13520.0
310,2014,MO,126026.77416666666,56630.0,7.5,Low Median Price,Middle Income,2.225441888869268,8.078639369658118,44.93489607621672,15600.0
311,2014,MS,126977.0,35520.0,7.25,Low Median Price,Low Income,3.574802927927928,8.420225464190981,27.973570016617185,15080.0
312,2014,MT,201710.812475,51100.0,7.9,Middle Median Price,Low Income,3.947374021037182,12.275487614106622,25.33329739392791,16432.0
313,2014,NC,148664.06035068966,46780.0,7.25,Low Median Price,Low Income,3.1779405803909717,9.858359439700905,31.466919368170604,15080.0
314,2014,ND,188620.45835,60730.0,7.25,Middle Median Price,Middle Income,3.1058860258521324,12.507987954244031,32.19693162197217,15080.0
315,2014,NE,140937.5,56870.0,7.25,Low Median Price,Middle Income,2.478239845261122,9.345988063660478,40.35121951219512,15080.0
316,2014,NH,186518.75,73400.0,7.25,Middle Median Price,Middle Income,2.5411273841961854,12.368617374005305,39.35261200281473,15080.0
317,2014,NJ,235413.208325,65240.0,8.25,Middle Median Price,Middle Income,3.6084182759809935,13.71871843385781,27.712973483600305,17160.0
318,2014,NM,156199.375025,46690.0,7.5,Middle Median Price,Low Income,3.3454567364532015,10.012780450320513,29.891284771483356,15600.0
319,2014,NV,194613.8889,49880.0,7.25,Middle Median Price,Low Income,3.9016417181234964,12.905430298408488,25.630236506722415,15080.0
320,2014,NY,145285.052086875,54310.0,8.0,Low Median Price,Low Income,2.6751068327540968,8.731072841759314,37.38168463987931,16640.0
321,2014,OH,104072.5942004348,49640.0,7.25,Low Median Price,Low Income,2.0965470225712086,6.901365663158806,47.69747538376689,15080.0
322,2014,OK,116774.23609333334,47200.0,2.0,Low Median Price,Low Income,2.4740304257062147,28.070729830128208,40.41987477638028,4160.0
323,2014,OR,195448.09444,58880.0,9.1,Middle Median Price,Middle Income,3.319430951766304,10.3258714306847,30.125645465464178,18928.0
324,2014,PA,135655.04293,55170.0,7.25,Low Median Price,Middle Income,2.458855228022476,8.99569250198939,40.66933215926852,15080.0
325,2014,RI,212158.3333,58630.0,8.0,Middle Median Price,Middle Income,3.61859684973563,12.749899837740385,27.63502101852155,16640.0
326,2014,SC,154433.36362727277,44930.0,7.25,Middle Median Price,Low Income,3.437199279485261,10.24093923257777,29.093454254120388,15080.0
327,2014,SD,163329.7083,53050.0,7.25,Middle Median Price,Low Income,3.0787880923656927,10.8308825132626,32.48031270744638,15080.0
328,2014,TN,119047.98486052633,43720.0,7.25,Low Median Price,Low Income,2.7229639721071894,7.894428704278934,36.72468715133756,15080.0
329,2014,TX,149028.35916666666,53880.0,7.25,Low Median Price,Low Income,2.7659309422172726,9.882517186118479,36.15419259883484,15080.0
330,2014,UT,237815.875,63380.0,7.25,Middle Median Price,Middle Income,3.75222270432313,15.77028348806366,26.650870132197863,15080.0
331,2014,VA,212095.59375,66160.0,7.25,Middle Median Price,Middle Income,3.205797970828295,14.064694545755968,31.193481594899943,15080.0
332,2014,WA,210708.14814444445,59070.0,9.32,Middle Median Price,Middle Income,3.567092401294133,10.869312693155972,28.034036898993765,19385.600000000002
333,2014,WI,136105.916665,58080.0,7.25,Low Median Price,Middle Income,2.3434214301825067,9.025591290782494,42.67264893630846,15080.0
334,2014,WV,99279.16667,39550.0,7.25,Low Median Price,Low Income,2.5102191319848295,6.583499116047745,39.83715952357117,15080.0
335,2014,WY,195427.91665,55690.0,5.15,Middle Median Price,Middle Income,3.5092102109894054,18.24383090459298,28.496440505855436,10712.0
336,2015,AL,144188.61363636365,44510.0,7.25,Low Median Price,Low Income,3.2394655950654605,9.561579153605017,30.869289105068976,15080.0
337,2015,AR,124699.60186333332,42800.0,7.5,Low Median Price,Low Income,2.9135420996105914,7.993564222008546,34.32248328018513,15600.0
338,2015,AZ,181115.62963333333,52250.0,8.05,Middle Median Price,Low Income,3.4663278398724082,10.816748066969263,28.848973501502645,16744.0
339,2015,CA,351513.60556,63640.0,9.0,High Median Price,Middle Income,5.5234696033940915,18.777436194444444,18.10456238204904,18720.0
340,2015,CO,289901.53571428574,66600.0,8.23,Middle Median Price,Middle Income,4.352875911625912,16.935083635987343,22.973317418241635,17118.4
341,2015,CT,243565.83334,72890.0,9.15,Middle Median Price,Middle Income,3.341553482507889,12.797700364649012,29.926200649928976,19032.0
342,2015,DE,199151.875,57760.0,8.25,Middle Median Price,Middle Income,3.4479202735457064,11.605587121212121,29.00299080789473,17160.0
343,2015,FL,180413.62153333327,48830.0,8.05,Middle Median Price,Low Income,3.6947290914055553,10.774822117375374,27.065583842835366,16744.0
344,2015,GA,136265.46667,50770.0,5.15,Low Median Price,Low Income,2.6839761014378567,12.720823998319641,37.258155892829336,10712.0
345,2015,HI,453529.16665,64510.0,7.75,High Median Price,Middle Income,7.030369968221981,28.13456368796526,14.224002499443216,16120.0
346,2015,IA,130593.500006,60860.0,7.25,Low Median Price,Middle Income,2.1458018403877754,8.660046419496021,46.60262570281357,15080.0
347,2015,ID,160265.625,51620.0,7.25,Middle Median Price,Low Income,3.104719585432003,10.627693965517242,32.2090279808911,15080.0
348,2015,IL,110464.32843117646,60410.0,8.25,Low Median Price,Middle Income,1.8285768652735717,6.4373151766419845,54.68733740380068,17160.0
349,2015,IN,116192.30556466668,51980.0,7.25,Low Median Price,Low Income,2.2353271559189434,7.705060050707339,44.73618089200459,15080.0
350,2015,KS,132308.3333,54870.0,7.25,Low Median Price,Low Income,2.411305509385821,8.773762155172413,41.471310711462195,15080.0
351,2015,KY,126738.06818818185,42390.0,7.25,Low Median Price,Low Income,2.989810525788673,8.404381179587656,33.44693556245385,15080.0
352,2015,LA,157216.291675,45920.0,7.25,Middle Median Price,Low Income,3.4236997315984317,10.425483532824932,29.208168893161883,15080.0
353,2015,MA,260176.66666,67860.0,9.0,Middle Median Price,Middle Income,3.8340210235779546,13.898326210470085,26.08227742754493,18720.0
354,2015,MD,207734.683314,73590.0,8.25,Middle Median Price,Middle Income,2.8228656517733386,12.105750775874126,35.42499443329139,17160.0
355,2015,ME,154847.1458,50760.0,7.5,Middle Median Price,Low Income,3.0505741883372735,9.92609908974359,32.78071399879816,15600.0
356,2015,MI,123198.4052959091,54200.0,8.15,Low Median Price,Low Income,2.2730333080426033,7.26748497498284,43.994075954000806,16952.0
357,2015,MN,154295.8409090909,68730.0,7.25,Middle Median Price,Middle Income,2.2449562186685714,10.231819688931758,44.544298533940925,15080.0
358,2015,MO,132178.340275,59200.0,7.65,Low Median Price,Middle Income,2.232742234375,8.306833853381097,44.78797348857088,15912.0
359,2015,MS,137853.125,40040.0,7.25,Low Median Price,Low Income,3.4428852397602396,9.141453912466844,29.045406116110893,15080.0
360,2015,MT,213931.666675,51400.0,8.05,Middle Median Price,Low Income,4.162094682392996,12.776616499940276,24.026363557521236,16744.0
361,2015,NC,156647.73276310344,50800.0,7.25,Middle Median Price,Low Income,3.0836167866752646,10.387780687208451,32.42945116660211,15080.0
362,2015,ND,206138.95835,57420.0,7.25,Middle Median Price,Middle Income,3.59002017328457,13.669692198275863,27.854996677778644,15080.0
363,2015,NE,148770.83335,60470.0,8.0,Low Median Price,Middle Income,2.460241993550521,8.940554888822115,40.6464080615436,16640.0
364,2015,NH,193547.291675,75680.0,7.25,Middle Median Price,Middle Income,2.557443071815539,12.834701039456233,39.10155463558749,15080.0
365,2015,NJ,229968.22915,68360.0,8.38,Middle Median Price,Middle Income,3.364075909157402,13.193514156301633,29.725845284224555,17430.4
366,2015,NM,156157.9375,45120.0,7.5,Middle Median Price,Low Income,3.460947196365248,10.010124198717948,28.89382424124294,15600.0
367,2015,NV,217641.3194166667,52010.0,7.25,Middle Median Price,Low Income,4.184605257001859,14.43244823717949,23.89711665937325,15080.0
368,2015,NY,148688.265620625,58010.0,8.75,Low Median Price,Middle Income,2.5631488643445093,8.169684924210165,39.01451117064699,18200.0
369,2015,OH,108986.46180875,53300.0,7.25,Low Median Price,Low Income,2.0447741427532833,7.227218952834881,48.90515676482012,15080.0
370,2015,OK,115723.87143857144,47080.0,2.0,Low Median Price,Low Income,2.4580261562993084,27.818238326579674,40.6830495858333,4160.0
371,2015,OR,207627.8833266667,60830.0,9.25,Middle Median Price,Middle Income,3.4132481230752374,10.791470027373528,29.297606383769985,19240.0
372,2015,PA,137512.77582318182,60390.0,7.25,Low Median Price,Middle Income,2.2770785862424545,9.118884338407282,43.91591954892347,15080.0
373,2015,RI,223229.1667,55700.0,9.0,Middle Median Price,Middle Income,4.007704967684021,11.924634973290598,24.951936533838253,18720.0
374,2015,SC,161132.73484545454,46360.0,7.25,Middle Median Price,Low Income,3.4756845307475097,10.685194618398842,28.77131083542072,15080.0
375,2015,SD,175304.16665,55070.0,8.5,Middle Median Price,Middle Income,3.183297015616488,9.915394041289593,31.413970958231076,17680.0
376,2015,TN,124159.15789105264,47330.0,7.25,Low Median Price,Low Income,2.6232655375248815,8.233365907894738,38.12042607564333,15080.0
377,2015,TX,156576.260425,56470.0,7.25,Middle Median Price,Middle Income,2.772733494333274,10.383041142241378,36.065492844650684,15080.0
378,2015,UT,256524.54165,66260.0,7.25,Middle Median Price,Middle Income,3.8714841782372473,17.01091125,25.82988729803662,15080.0
379,2015,VA,212078.21547777776,61490.0,7.25,Middle Median Price,Middle Income,3.4489870788384738,14.06354214043619,28.9940199003811,15080.0
380,2015,WA,225132.96296666667,67240.0,9.47,Middle Median Price,Middle Income,3.3481999251437635,11.429461607843933,29.866794766058135,19697.600000000002
381,2015,WI,140156.89813888888,55430.0,7.25,Low Median Price,Middle Income,2.5285386638803695,9.294224014515178,39.54853506038032,15080.0
382,2015,WV,113758.3333,42820.0,8.0,Low Median Price,Low Income,2.656663552078468,6.836438299278846,37.6411984580298,16640.0
383,2015,WY,203160.2083,60930.0,5.15,Middle Median Price,Middle Income,3.334321488593468,18.965665449962657,29.991109238294673,10712.0
384,2016,AL,137665.43055833332,47220.0,7.25,Low Median Price,Low Income,2.9154051367711418,9.129007331454464,34.300550115223984,15080.0
385,2016,AR,128554.90740333332,45910.0,8.0,Low Median Price,Low Income,2.8001504553111154,7.725655492988781,35.71236674455385,16640.0
386,2016,AZ,192554.62962222224,57100.0,8.05,Middle Median Price,Middle Income,3.372235194784978,11.499918157084462,29.653922168491054,16744.0
387,2016,CA,375402.6861133333,66640.0,10.0,High Median Price,Middle Income,5.6332936091436565,18.048206063141023,17.75160446771058,20800.0
388,2016,CO,310326.2023857143,70570.0,8.31,High Median Price,Middle Income,4.397423868296929,17.953705127378637,22.74058698797413,17284.8
389,2016,CT,243300.21666,75920.0,9.6,Middle Median Price,Middle Income,3.204692000263435,12.18450604266827,31.20424677060376,19968.0
390,2016,DE,209257.66665,58050.0,8.25,Middle Median Price,Middle Income,3.6047832325581397,12.194502718531469,27.740919092390158,17160.0
391,2016,FL,193978.18402208333,51180.0,8.05,Middle Median Price,Low Income,3.790116921103621,11.584936933951465,26.38441031810744,16744.0
392,2016,GA,140238.55000000002,53530.0,5.15,Low Median Price,Low Income,2.619812254810387,13.091724234503362,38.17067418338252,10712.0
393,2016,HI,479384.895825,72130.0,8.5,High Median Price,Middle Income,6.646123607722169,27.114530306843893,15.046364753705369,17680.0
394,2016,IA,133401.88332599998,59090.0,7.25,Low Median Price,Middle Income,2.257605065594855,8.846278735145887,44.29472697592971,15080.0
395,2016,ID,172182.020825,56560.0,7.25,Middle Median Price,Middle Income,3.044236577528289,11.41790589025199,32.84895817170462,15080.0
396,2016,IL,113436.26960235291,61390.0,8.25,Low Median Price,Middle Income,1.847797191763364,6.610505221582337,54.118493331278096,17160.0
397,2016,IN,120583.7656275,56090.0,7.25,Low Median Price,Middle Income,2.149826450837939,7.99627093020557,46.51538265380582,15080.0
398,2016,KS,135362.5,56810.0,7.25,Low Median Price,Middle Income,2.3827231121281462,8.976293103448276,41.968787515006,15080.0
399,2016,KY,129449.8409118182,45370.0,7.25,Low Median Price,Low Income,2.853203458492797,8.584206957017122,35.04832426245022,15080.0
400,2016,LA,164116.1458375,42200.0,7.25,Middle Median Price,Low Income,3.8890081952014217,10.883033543600796,25.71349685593058,15080.0
401,2016,MA,266809.43334,72270.0,10.0,Middle Median Price,Middle Income,3.6918421660440015,12.827376602884614,27.08674843138138,20800.0
402,2016,MD,216619.35,73760.0,8.75,Middle Median Price,Middle Income,2.936813313449024,11.902162087912089,34.050513031268906,18200.0
403,2016,ME,163000.854175,50860.0,7.5,Middle Median Price,Low Income,3.204892925186787,10.44877270352564,31.202290477199586,15600.0
404,2016,MI,130328.99999681818,57090.0,8.5,Low Median Price,Middle Income,2.2828691539116863,7.371549773575689,43.80452547122573,17680.0
405,2016,MN,165876.31060909093,70220.0,7.25,Middle Median Price,Middle Income,2.3622374054270994,10.999755345430433,42.33274766128755,15080.0
406,2016,MO,135596.29861666667,55020.0,7.65,Low Median Price,Middle Income,2.46449106900521,8.521637670730685,40.576328824094674,15912.0
407,2016,MS,143644.7917,41100.0,7.25,Low Median Price,Low Income,3.495007097323601,9.525516690981432,28.612245187306712,15080.0
408,2016,MT,227208.33335,57080.0,8.05,Middle Median Price,Middle Income,3.9805244104765243,13.56953734770664,25.122317988254366,16744.0
409,2016,NC,161559.4811816129,53760.0,7.25,Middle Median Price,Low Income,3.0051986826936923,10.713493447056559,33.27567011654803,15080.0
410,2016,ND,215952.91665,60180.0,7.25,Middle Median Price,Middle Income,3.5884499277168493,14.320485188992043,27.8671855576441,15080.0
411,2016,NE,156125.0,59370.0,9.0,Middle Median Price,Middle Income,2.6296951322216606,8.340010683760683,38.027221777421936,18720.0
412,2016,NH,200851.35415,76260.0,7.25,Middle Median Price,Middle Income,2.6337707074482033,13.319055314986738,37.968377321990786,15080.0
413,2016,NJ,224680.291675,68470.0,8.38,Middle Median Price,Middle Income,3.281441385643347,12.89013973718331,30.474412993482243,17430.4
414,2016,NM,157497.375,48450.0,7.5,Middle Median Price,Low Income,3.250719814241486,10.095985576923077,30.762417468862573,15600.0
415,2016,NV,237097.20831666663,55430.0,7.25,Middle Median Price,Middle Income,4.277416711467917,15.722626546198052,23.378596649677878,15080.0
416,2016,NY,151680.781254375,61440.0,9.0,Middle Median Price,Middle Income,2.4687627157287597,8.10260583623798,40.506120480064354,18720.0
417,2016,OH,112900.18402625,53990.0,7.25,Low Median Price,Low Income,2.091131395188924,7.486749603862733,47.82100265438628,15080.0
418,2016,OK,121187.2857242857,50940.0,2.0,Low Median Price,Low Income,2.379020135930226,29.131559068337907,42.034112485936895,4160.0
419,2016,OR,225498.98332,59140.0,9.75,Middle Median Price,Middle Income,3.812968943523842,11.119279256410257,26.22628232255748,20280.0
420,2016,PA,142429.15908318182,60980.0,7.25,Low Median Price,Middle Income,2.33567004072125,9.444904448486858,42.81426668003166,15080.0
421,2016,RI,239283.3333,61530.0,9.6,Middle Median Price,Middle Income,3.8888888883471475,11.983340009014423,25.714285717867842,19968.0
422,2016,SC,162803.02903333333,54340.0,7.25,Middle Median Price,Low Income,2.9960071592442645,10.795956832449159,33.37775735663621,15080.0
423,2016,SD,186133.125,57450.0,8.55,Middle Median Price,Middle Income,3.2399151436031333,10.466325067476383,30.865005892959672,17784.0
424,2016,TN,133458.7543910526,51340.0,7.25,Low Median Price,Low Income,2.599508266284624,8.85005002593187,38.468814004937215,15080.0
425,2016,TX,167433.4132041667,58150.0,7.25,Middle Median Price,Middle Income,2.8793364265548873,11.103011485687446,34.730224324515476,15080.0
426,2016,UT,272403.0416666667,67480.0,7.25,Middle Median Price,Middle Income,4.036796705196601,18.06386217948718,24.77211692906635,15080.0
427,2016,VA,219843.92594444443,66450.0,7.25,Middle Median Price,Middle Income,3.308411225650029,14.578509678013557,30.225988602838278,15080.0
428,2016,WA,245088.1203555556,70310.0,9.47,Middle Median Price,Middle Income,3.485821652048864,12.442537179938448,28.687640958688444,19697.600000000002
429,2016,WI,147495.13889833333,59820.0,7.25,Low Median Price,Middle Income,2.4656492627605036,9.780844754531389,40.5572688339466,15080.0
430,2016,WV,115825.0,44350.0,8.75,Low Median Price,Low Income,2.6116121758737316,6.364010989010989,38.29052449816533,18200.0
431,2016,WY,202810.41665,57830.0,5.15,Middle Median Price,Middle Income,3.5070104902299843,18.933011263069456,28.51431447912269,10712.0
432,2017,AL,140836.87500833333,50870.0,7.25,Low Median Price,Low Income,2.7685644782452,9.339315318854995,36.11980171882543,15080.0
433,2017,AR,131392.43518555554,49750.0,8.5,Low Median Price,Low Income,2.6410539735790057,7.431698822712417,37.863671473735806,17680.0
434,2017,AZ,207583.91667777777,59700.0,10.0,Middle Median Price,Middle Income,3.477117532291085,9.97999599412393,28.75945350461296,20800.0
435,2017,CA,408551.78712000005,70040.0,10.0,High Median Price,Middle Income,5.833120889777271,19.641912842307693,17.14348148951502,20800.0
436,2017,CO,335155.70835,74980.0,9.3,High Median Price,Middle Income,4.469934760602827,17.32608087003722,22.371691166811065,19344.0
437,2017,CT,253072.46664,74300.0,10.1,Middle Median Price,Middle Income,3.406089725975774,12.046480704493526,29.359179600400008,21008.0
438,2017,DE,217897.29165,64960.0,8.25,Middle Median Price,Middle Income,3.3543302286022167,12.69797736888112,29.812210839381493,17160.0
439,2017,FL,206065.3750125,53090.0,8.1,Middle Median Price,Low Income,3.8814348278866078,12.230850843571938,25.763668445889827,16848.0
440,2017,GA,149685.62501350002,57990.0,5.15,Low Median Price,Middle Income,2.5812316781082947,13.97363937766057,38.74119508454464,10712.0
441,2017,HI,503612.125,73600.0,9.25,High Median Price,Middle Income,6.842556046195652,26.175266372141373,14.614421763574498,19240.0
442,2017,IA,139978.56666,63470.0,7.25,Low Median Price,Middle Income,2.2054288114069642,9.282398319628648,45.34265603259463,15080.0
443,2017,ID,186748.520825,59500.0,7.25,Middle Median Price,Middle Income,3.1386306021008408,12.383854166114059,31.861028798057685,15080.0
444,2017,IL,117626.0000017647,65970.0,8.25,Low Median Price,Middle Income,1.7830225860507003,6.854662004764842,56.084539131663306,17160.0
445,2017,IN,127200.536454375,58770.0,7.25,Low Median Price,Middle Income,2.1643787043453293,8.435048836497016,46.202635333287255,15080.0
446,2017,KS,139530.3333,56900.0,7.25,Low Median Price,Middle Income,2.4522026942003516,9.252674622015915,40.77966321320326,15080.0
447,2017,KY,133521.60605454547,49670.0,7.25,Low Median Price,Low Income,2.6881740699525967,8.854217908126357,37.19997195038914,15080.0
448,2017,LA,167998.5625125,43570.0,7.25,Middle Median Price,Low Income,3.8558311340945606,11.140488230271885,25.93474571948088,15080.0
449,2017,MA,283501.0,76240.0,11.0,Middle Median Price,Middle Income,3.7185335781741866,12.390777972027973,26.892321367473134,22880.0
450,2017,MD,226284.366666,82090.0,8.75,Middle Median Price,High Income,2.756539976440492,12.43320695967033,36.27736251049388,18200.0
451,2017,ME,173549.33335,53320.0,9.0,Middle Median Price,Low Income,3.2548637162415606,9.270797721688034,30.72325255924125,18720.0
452,2017,MI,137407.58332590907,56410.0,8.9,Low Median Price,Middle Income,2.435872776562827,7.422622262635538,41.05304717149736,18512.0
453,2017,MN,172329.2878727273,69980.0,7.75,Middle Median Price,Middle Income,2.4625505554833853,10.690402473494249,40.608303361459534,16120.0
454,2017,MO,137414.15475714285,56530.0,7.7,Low Median Price,Middle Income,2.430818233807586,8.579804867453975,41.138411177442066,16016.0
455,2017,MS,150327.0833,43280.0,7.25,Middle Median Price,Low Income,3.4733614440850276,9.96863947612732,28.790553937395526,15080.0
456,2017,MT,240832.291675,57410.0,8.15,Middle Median Price,Middle Income,4.194953695784706,14.206718480120339,23.83816538916386,16952.0
457,2017,NC,171454.21236870968,49550.0,7.25,Middle Median Price,Low Income,3.4602262839295594,11.369642730020535,28.899844054833412,15080.0
458,2017,ND,221657.125,60170.0,7.25,Middle Median Price,Middle Income,3.6838478477646666,14.698748342175067,27.145529384629523,15080.0
459,2017,NE,162958.3333,59580.0,9.0,Middle Median Price,Middle Income,2.7351180480026853,8.705039172008547,36.561493231718025,18720.0
460,2017,NH,215238.16665,75630.0,7.25,Middle Median Price,Middle Income,2.845936356604522,14.273087974137932,35.13782020034689,15080.0
461,2017,NJ,231555.22915,71240.0,8.44,Middle Median Price,Middle Income,3.2503541430376193,13.190121966710718,30.765878301047213,17555.2
462,2017,NM,158089.749975,45600.0,7.5,Middle Median Price,Low Income,3.466880481907895,10.13395833173077,28.8443747979936,15600.0
463,2017,NV,264233.30555,58040.0,7.25,Middle Median Price,Middle Income,4.5526069185044795,17.52210249005305,21.965436900238636,15080.0
464,2017,NY,158300.708333125,61540.0,9.7,Middle Median Price,Middle Income,2.572322202358222,7.845990698509367,38.875378795208164,20176.0
465,2017,OH,118053.80334,60690.0,8.15,Low Median Price,Middle Income,1.9451936618882848,6.964004444313355,51.40876302410199,16952.0
466,2017,OK,125949.72914999998,51880.0,2.0,Low Median Price,Low Income,2.4277125896299148,30.276377199519228,41.19103736873737,4160.0
467,2017,OR,245485.6999933333,62500.0,9.75,Middle Median Price,Middle Income,3.927771199893333,12.104817553911898,25.459731463664614,20280.0
468,2017,PA,146711.7651518182,61290.0,7.25,Low Median Price,Middle Income,2.3937308721132027,9.728896893356644,41.77579073946575,15080.0
469,2017,RI,252262.5,65400.0,9.6,Middle Median Price,Middle Income,3.857224770642202,12.633338341346153,25.925375353054854,19968.0
470,2017,SC,170806.66666666666,54540.0,7.25,Middle Median Price,Low Income,3.131768732428798,11.326702033598584,31.93083798446587,15080.0
471,2017,SD,193430.83335,56910.0,8.65,Middle Median Price,Middle Income,3.3988900606220347,10.750935601934193,29.42136939307148,17992.0
472,2017,TN,142614.20614210525,55310.0,7.25,Low Median Price,Middle Income,2.5784524704774046,9.457175473614406,38.78295262176574,15080.0
473,2017,TX,176113.5138916667,60090.0,7.25,Middle Median Price,Middle Income,2.9308289880457097,11.678614979553494,34.120039213437856,15080.0
474,2017,UT,308884.0833333334,69790.0,7.25,High Median Price,Middle Income,4.425907484357836,20.48302939876216,22.594236403138286,15080.0
475,2017,VA,226537.37964444445,70810.0,7.25,Middle Median Price,Middle Income,3.199228635001334,15.022372655467139,31.257534677560894,15080.0
476,2017,WA,269907.1388777778,71540.0,11.0,Middle Median Price,Middle Income,3.77281435389681,11.796640685217561,26.50541230493185,22880.0
477,2017,WI,156349.1296388889,63480.0,7.25,Middle Median Price,Middle Income,2.4629667554960446,10.367979419024463,40.601441240265494,15080.0
478,2017,WV,113381.0833,46960.0,8.75,Low Median Price,Low Income,2.414418298551959,6.229729851648352,41.41784381769089,18200.0
479,2017,WY,214354.16666666663,59540.0,5.15,Middle Median Price,Middle Income,3.6001707535550325,20.010657829225785,27.776460297405,10712.0
480,2018,AL,151614.39584166667,49940.0,7.25,Middle Median Price,Low Income,3.0359310340742227,10.054005029288241,32.938824656303176,15080.0
481,2018,AR,136215.85184111109,49780.0,8.5,Low Median Price,Low Income,2.736357007655908,7.704516506850174,36.544939026675,17680.0
482,2018,AZ,227383.35185555555,62280.0,10.5,Middle Median Price,Middle Income,3.6509850972311426,10.411325634411885,27.389868032011044,21840.0
483,2018,CA,440239.5722266666,70490.0,11.0,High Median Price,Middle Income,6.245418814394476,19.24124004487179,16.011736437838156,22880.0
484,2018,CO,365439.13095,73030.0,10.2,High Median Price,Middle Income,5.0039590709297554,17.224695086255657,19.984176245754064,21216.0
485,2018,CT,254530.83334,72810.0,10.1,Middle Median Price,Middle Income,3.495822460376322,12.115900292269613,28.605571688338856,21008.0
486,2018,DE,223789.5833,65010.0,8.25,Middle Median Price,Middle Income,3.4423870681433626,13.041351008158507,29.049609477511368,17160.0
487,2018,FL,221558.72568750003,54640.0,8.25,Middle Median Price,Low Income,4.0548815096541,12.911347650786714,24.661633086420434,17160.0
488,2018,GA,158747.78463333333,55820.0,5.15,Middle Median Price,Middle Income,2.8439230496835064,14.819621418347024,35.16269542213133,10712.0
489,2018,HI,538037.250025,80110.0,10.1,High Median Price,High Income,6.7162308079515665,25.611064833634803,14.889303667409216,21008.0
490,2018,IA,145687.91668,68720.0,7.25,Low Median Price,Middle Income,2.1200220704307333,9.661002432360743,47.169320260747384,15080.0
491,2018,ID,215018.64585,58730.0,7.25,Middle Median Price,Middle Income,3.6611381891707815,14.258530891909814,27.31391027407496,15080.0
492,2018,IL,120783.49019411764,70150.0,8.25,Low Median Price,Middle Income,1.7217888837365307,7.038664929727135,58.079129761243166,17160.0
493,2018,IN,135138.533665,59890.0,7.25,Low Median Price,Middle Income,2.2564457115545165,8.961441224469496,44.3174854541959,15080.0
494,2018,KS,146895.8333,63940.0,7.25,Low Median Price,Middle Income,2.2974012089458866,9.741103003978779,43.527442925775624,15080.0
495,2018,KY,142027.82576363636,54560.0,7.25,Low Median Price,Low Income,2.6031492991868834,9.418290833132385,38.41500755689882,15080.0
496,2018,LA,174049.6249875,49970.0,7.25,Middle Median Price,Low Income,3.4830823491594955,11.541752320125994,28.710202623871655,15080.0
497,2018,MA,297735.91666,86350.0,11.0,Middle Median Price,High Income,3.4480129317892296,13.012933420454544,29.002211412272278,22880.0
498,2018,MD,230270.05,86220.0,10.1,Middle Median Price,High Income,2.6707266295523078,10.961064832444782,37.442993563426946,21008.0
499,2018,ME,186286.020825,58660.0,10.0,Middle Median Price,Middle Income,3.1756907743777703,8.956058693509616,31.489211987144284,20800.0
500,2018,MI,146376.57576363636,60450.0,9.25,Low Median Price,Middle Income,2.4214487305812464,7.607930133245133,41.29759128783863,19240.0
501,2018,MN,184022.79544545457,71820.0,8.04,Middle Median Price,Middle Income,2.5622778535986432,11.004042016208297,39.02777361149688,16723.199999999997
502,2018,MO,146218.98214285713,61730.0,7.85,Low Median Price,Middle Income,2.3686859248802388,8.9551066966473,42.21750083015165,16328.0
503,2018,MS,159476.125,42780.0,7.25,Middle Median Price,Low Income,3.7278196587190275,10.575339854111405,26.82533200502583,15080.0
504,2018,MT,258392.458325,57680.0,8.3,Middle Median Price,Middle Income,4.4797582927357835,14.967125713913347,22.322632933601895,17264.0
505,2018,NC,182344.40591838708,53370.0,7.25,Middle Median Price,Low Income,3.4166086924936683,12.09180410599384,29.268789317225945,15080.0
506,2018,ND,227298.875,66510.0,7.25,Middle Median Price,Middle Income,3.417514283566381,15.072869694960213,29.261033518093743,15080.0
507,2018,NE,179019.2917,67580.0,9.0,Middle Median Price,Middle Income,2.6489981015093225,9.562996351495727,37.75012143006931,18720.0
508,2018,NH,224626.791675,81350.0,7.25,Middle Median Price,High Income,2.761238988014751,14.89567584051724,36.215626548101525,15080.0
509,2018,NJ,237334.374975,74180.0,8.6,Middle Median Price,Middle Income,3.199438864586142,13.26779824323569,31.25548079911048,17888.0
510,2018,NM,168779.1875,48280.0,7.5,Middle Median Price,Low Income,3.4958406690140844,10.819178685897436,28.605422691704806,15600.0
511,2018,NV,301453.0833333333,61860.0,7.25,High Median Price,Middle Income,4.873150393361353,19.990257515473033,20.520606163977426,15080.0
512,2018,NY,164919.848958125,67270.0,10.4,Middle Median Price,Middle Income,2.4516106579177195,7.623883550209181,40.789511041257754,21632.0
513,2018,OH,124743.8611,61630.0,8.3,Low Median Price,Middle Income,2.0240769284439395,7.225663872798887,49.40523682411495,17264.0
514,2018,OK,130170.989575,54430.0,2.0,Low Median Price,Low Income,2.3915302144956825,31.291103263221153,41.814232324506776,4160.0
515,2018,OR,268420.31666666665,69170.0,10.75,Middle Median Price,Middle Income,3.880588646330297,12.004486434108527,25.769286341278562,22360.0
516,2018,PA,151795.42424090908,64520.0,7.25,Middle Median Price,Middle Income,2.352687914459223,10.066009565047022,42.504575037520645,15080.0
517,2018,RI,267408.3333,62270.0,10.1,Middle Median Price,Middle Income,4.294336491087201,12.728881059596343,23.28648446798423,21008.0
518,2018,SC,182207.26388333333,57440.0,7.25,Middle Median Price,Middle Income,3.172132031395079,12.082709806587092,31.524539019903525,15080.0
519,2018,SD,208202.91665,59460.0,8.85,Middle Median Price,Middle Income,3.501562674907501,11.310458314319861,28.55867773454652,18408.0
520,2018,TN,155914.55263157893,56060.0,7.25,Middle Median Price,Middle Income,2.7812085735208516,10.339161315091442,35.95559173521664,15080.0
521,2018,TX,188027.031824,59790.0,7.25,Middle Median Price,Middle Income,3.144790630941629,12.46863606259947,31.79861928361746,15080.0
522,2018,UT,336843.68055000005,77070.0,7.25,High Median Price,Middle Income,4.370619963020631,22.33711409482759,22.88004924841093,15080.0
523,2018,VA,234621.36111111112,77150.0,7.25,Middle Median Price,Middle Income,3.0411064304745445,15.558445697023284,32.88276891525814,15080.0
524,2018,WA,295697.74073333334,79730.0,11.5,Middle Median Price,Middle Income,3.7087387524562065,12.361945682831662,26.963344326631923,23920.0
525,2018,WI,167150.4074,62630.0,7.25,Middle Median Price,Middle Income,2.668855299377295,11.084244522546419,37.46924759215394,15080.0
526,2018,WV,117057.75,50570.0,8.75,Low Median Price,Low Income,2.3147666600751435,6.431744505494506,43.2008987017092,18200.0
527,2018,WY,218613.41666666663,62540.0,5.15,Middle Median Price,Middle Income,3.4955774970685423,20.408272653721678,28.60757631145695,10712.0
528,2019,AL,159112.736125,56200.0,7.25,Middle Median Price,Middle Income,2.831187475533808,10.551242448607427,35.32086831556269,15080.0
529,2019,AR,144831.02777777778,54540.0,9.25,Low Median Price,Low Income,2.655501059365196,7.527600196350196,37.6576765606357,19240.0
530,2019,AZ,245841.35186666664,70670.0,12.0,Middle Median Price,Middle Income,3.4787229640111312,9.84941313568376,28.74618100795681,24960.0
531,2019,CA,449326.56110333337,78110.0,12.0,High Median Price,Middle Income,5.752484459138822,18.001865428819446,17.38379316108062,24960.0
532,2019,CO,383900.7440357143,72500.0,12.0,High Median Price,Middle Income,5.29518267635468,15.380638783482144,18.88508973383373,24960.0
533,2019,CT,254168.15,87290.0,11.0,Middle Median Price,High Income,2.9117670981784856,11.108747814685314,34.343406127006865,22880.0
534,2019,DE,236025.0,74190.0,9.25,Middle Median Price,Middle Income,3.1813586736756974,12.267411642411643,31.433110899269145,19240.0
535,2019,FL,233145.25000416668,58370.0,8.56,Middle Median Price,Middle Income,3.9942650334789565,13.094516647430282,25.035895004919396,17804.8
536,2019,GA,170521.78968095238,56630.0,5.15,Middle Median Price,Middle Income,3.011156448542334,15.918763039670685,33.209832072461346,10712.0
537,2019,HI,556421.95835,88010.0,10.1,High Median Price,High Income,6.3222583609817065,26.486193752380043,15.817132785518151,21008.0
538,2019,IA,156192.08333999998,66050.0,7.25,Middle Median Price,Middle Income,2.3647552360333077,10.35756520822281,42.28767462959176,15080.0
539,2019,ID,236021.0,65990.0,7.25,Middle Median Price,Middle Income,3.57661766934384,15.651259946949603,27.959376496159237,15080.0
540,2019,IL,126562.50000588236,74400.0,9.25,Low Median Price,Middle Income,1.701108871046806,6.578092515898252,58.78518518245297,19240.0
541,2019,IN,143104.2627563158,66690.0,7.25,Low Median Price,Middle Income,2.1458129068273473,9.489672596572666,46.60238536259584,15080.0
542,2019,KS,154693.75,73150.0,7.25,Middle Median Price,Middle Income,2.114747095010253,10.25820623342175,47.28697830390691,15080.0
543,2019,KY,151095.1287909091,55660.0,7.25,Middle Median Price,Middle Income,2.7146088535916117,10.019570874728721,36.83771968388492,15080.0
544,2019,LA,177990.822925,51710.0,7.25,Middle Median Price,Low Income,3.442096749661574,11.803104968501325,29.052059623202624,15080.0
545,2019,MA,308479.38334,87710.0,12.75,High Median Price,High Income,3.5170377760802647,11.631952614630467,28.433018456642767,26520.0
546,2019,MD,233899.9179166667,95570.0,11.0,Middle Median Price,High Income,2.447419879843745,10.222898510343823,40.85935593788855,22880.0
547,2019,ME,194899.375025,66550.0,12.0,Middle Median Price,Middle Income,2.928615702854996,7.80846855068109,34.14582524518796,24960.0
548,2019,MI,154681.41304347827,64120.0,9.65,Middle Median Price,Middle Income,2.4123738777835038,7.706327871835306,41.45294430558181,20072.0
549,2019,MN,195997.23483636364,81430.0,8.15,Middle Median Price,High Income,2.4069413586683486,11.561894457076665,41.54650450450752,16952.0
550,2019,MO,155130.41766,60600.0,9.45,Middle Median Price,Middle Income,2.559907882178218,7.892267890720391,39.06390565699196,19656.0
551,2019,MS,168540.75,44790.0,7.25,Middle Median Price,Low Income,3.7629102478231746,11.176442307692307,26.575175439767534,15080.0
552,2019,MT,279028.75,60200.0,8.65,Middle Median Price,Middle Income,4.635029069767442,15.508489884393063,21.574837718335477,17992.0
553,2019,NC,190788.2106990625,61160.0,7.25,Middle Median Price,Middle Income,3.119493307702134,12.651738110017407,32.05648806910297,15080.0
554,2019,ND,236506.25,70030.0,7.25,Middle Median Price,Middle Income,3.3772133371412254,15.683438328912468,29.610211146639887,15080.0
555,2019,NE,187583.33335,73070.0,9.0,Middle Median Price,Middle Income,2.567173030655536,10.020477208867522,38.95335406139908,18720.0
556,2019,NH,233558.6875,86900.0,7.25,Middle Median Price,High Income,2.687671892980437,15.487976624668436,37.20692256416281,15080.0
557,2019,NJ,244305.2083,87730.0,11.0,Middle Median Price,High Income,2.7847396363843613,10.677675187937062,35.909999876985836,22880.0
558,2019,NM,180826.04165,53110.0,9.0,Middle Median Price,Low Income,3.404745653360949,9.65951077190171,29.370769561387455,18720.0
559,2019,NV,321269.18055,70910.0,7.25,High Median Price,Middle Income,4.530661127485545,21.304322317639258,22.07183393022789,15080.0
560,2019,NY,172347.307291875,71860.0,11.8,Middle Median Price,Middle Income,2.398376110379558,7.0219730806663545,41.694878283362485,24544.0
561,2019,OH,131154.36110851853,64660.0,8.7,Low Median Price,Middle Income,2.0283693335681803,7.247699000249697,49.300686194109566,18096.0
562,2019,OK,139128.05975555556,59400.0,2.0,Low Median Price,Middle Income,2.342223228208006,33.44424513354701,42.69447881639712,4160.0
563,2019,OR,285352.49999333336,74410.0,11.25,Middle Median Price,Middle Income,3.834867625229584,12.194551281766383,26.076519393290205,23400.0
564,2019,PA,158592.66287863636,70580.0,7.25,Middle Median Price,Middle Income,2.2469915397936577,10.51675483280082,44.5039503838911,15080.0
565,2019,RI,282770.8333,70150.0,10.5,Middle Median Price,Middle Income,4.03094559230221,12.947382477106228,24.808074857414937,21840.0
566,2019,SC,189772.73611666667,62030.0,7.25,Middle Median Price,Middle Income,3.0593702420871622,12.584398946728559,32.68646554258763,15080.0
567,2019,SD,221538.875,64260.0,9.3,Middle Median Price,Middle Income,3.4475392934951756,11.452588657981803,29.006195865172646,19344.0
568,2019,TN,166128.1184105263,56630.0,7.25,Middle Median Price,Middle Income,2.9335708707491843,11.016453475499093,34.08814867815404,15080.0
569,2019,TX,197396.269996,67440.0,7.25,Middle Median Price,Middle Income,2.9269909548635824,13.089938328647214,34.164779304779465,15080.0
570,2019,UT,361390.56943333335,84520.0,7.25,High Median Price,High Income,4.275799449045591,23.964891872236958,23.38743928280387,15080.0
571,2019,VA,244145.0092444445,81310.0,7.25,Middle Median Price,High Income,3.002644314899084,16.189987350427355,33.3039779316522,15080.0
572,2019,WA,319625.3518333333,82450.0,13.5,High Median Price,High Income,3.876596141095613,11.382669224833808,25.79582612176303,28080.0
573,2019,WI,177276.60648333334,67360.0,7.25,Middle Median Price,Middle Income,2.631778599811956,11.755743135499559,37.99711723742458,15080.0
574,2019,WV,126745.8333,53710.0,8.75,Low Median Price,Low Income,2.359818158629678,6.964056774725274,42.376146498537395,18200.0
575,2019,WY,234204.16666666663,65130.0,5.15,Middle Median Price,Middle Income,3.5959491273862527,21.86371981578292,27.80906972193066,10712.0
576,2020,AL,175003.36805833332,54690.0,7.25,Middle Median Price,Low Income,3.199915305509843,11.604997881852341,31.250827116521755,15080.0
577,2020,AR,158062.49073333334,50780.0,10.0,Middle Median Price,Low Income,3.112691822239727,7.599158208333334,32.12653410964576,20800.0
578,2020,AZ,276136.8611222222,67090.0,12.0,Middle Median Price,Middle Income,4.115916844868418,11.063175525730056,24.295923306778295,24960.0
579,2020,CA,487046.52776333335,77650.0,13.0,High Median Price,Middle Income,6.2723313298561925,18.012075730892505,15.943035331058114,27040.0
580,2020,CO,430843.35119285714,83780.0,12.0,High Median Price,High Income,5.142556113545681,17.26135221125229,19.44558266201439,24960.0
581,2020,CT,286215.83334,79430.0,11.0,Middle Median Price,Middle Income,3.6033719418355785,12.50943327534965,27.751784055092415,22880.0
582,2020,DE,260811.4583,70020.0,9.25,Middle Median Price,Middle Income,3.724813743216224,13.5556891008316,26.84697998178403,19240.0
583,2020,FL,252444.302212,57760.0,8.56,Middle Median Price,Middle Income,4.370573099238228,14.17844076945543,22.88029458137414,17804.8
584,2020,GA,190048.90872857143,59270.0,5.15,Middle Median Price,Middle Income,3.206494157728555,17.74168304038195,31.186708935356023,10712.0
585,2020,HI,606526.041675,80830.0,10.1,High Median Price,High Income,7.503724380489917,28.871193910653083,13.32671549877356,21008.0
586,2020,IA,163306.66668,68820.0,7.25,Middle Median Price,Middle Income,2.372953598953792,10.829354554376657,42.141574131111895,15080.0
587,2020,ID,271363.6458,66730.0,7.25,Middle Median Price,Middle Income,4.066591425146111,17.99493672413793,24.59061891038317,15080.0
588,2020,IL,126864.3333365,74330.0,9.25,Low Median Price,Middle Income,1.7067716041504104,6.593780318944907,58.59014747891683,19240.0
589,2020,IN,155121.14913157895,66810.0,7.25,Middle Median Price,Middle Income,2.321825312551698,10.28654835090046,43.06956232211091,15080.0
590,2020,KS,167091.6667,73080.0,7.25,Middle Median Price,Middle Income,2.28642127394636,11.08034925066313,43.73647198768411,15080.0
591,2020,KY,169403.34847272726,56760.0,7.25,Middle Median Price,Middle Income,2.9845551175603817,11.233643797926211,33.50583120801651,15080.0
592,2020,LA,191331.697925,51190.0,7.25,Middle Median Price,Low Income,3.737677240183629,12.687778376989389,26.754584083639887,15080.0
593,2020,MA,344309.45,87810.0,12.75,High Median Price,High Income,3.9210733401662683,12.98301093514329,25.503221012377093,26520.0
594,2020,MD,261026.15278333327,94790.0,11.0,Middle Median Price,High Income,2.7537309081478347,11.408485698572258,36.31436888191091,22880.0
595,2020,ME,220809.89585,63690.0,12.0,Middle Median Price,Middle Income,3.4669476503375725,8.846550314503205,28.843815968857538,24960.0
596,2020,MI,170334.78985652173,64390.0,9.65,Middle Median Price,Middle Income,2.6453609233812974,8.486189211664096,37.80202509084474,20072.0
597,2020,MN,212773.19697272728,78750.0,8.15,Middle Median Price,Middle Income,2.7018818663203463,12.551509967716333,37.011240663970455,16952.0
598,2020,MO,166383.359375,62180.0,9.45,Middle Median Price,Middle Income,2.6758340201833386,8.464761872964997,37.37152575448172,19656.0
599,2020,MS,188600.625,45130.0,7.25,Middle Median Price,Low Income,4.179052182583647,12.50667274535809,23.92887086137705,15080.0
600,2020,MT,312011.9375,56740.0,8.65,High Median Price,Middle Income,5.498976691928093,17.341703951756337,18.185201647933745,17992.0
601,2020,NC,213742.906246875,60430.0,7.25,Middle Median Price,Middle Income,3.537033034037316,14.17393277499171,28.272283305721874,15080.0
602,2020,ND,247931.25,64120.0,7.25,Middle Median Price,Middle Income,3.8666757641921397,16.441064323607428,25.862008117169577,15080.0
603,2020,NE,201487.5,72250.0,9.0,Middle Median Price,Middle Income,2.7887543252595157,10.763221153846153,35.85830386500403,18720.0
604,2020,NH,264642.208325,88890.0,7.25,Middle Median Price,High Income,2.97718762881089,17.549218058687003,33.5887463162477,15080.0
605,2020,NJ,275092.47915,85550.0,11.0,Middle Median Price,High Income,3.2155754430157804,12.02327269012238,31.0986328177122,22880.0
606,2020,NM,192686.208325,50910.0,9.0,Middle Median Price,Low Income,3.784840077096838,10.293066684027778,26.421195602194373,18720.0
607,2020,NV,349655.9166666667,61160.0,7.25,High Median Price,Middle Income,5.717068617833006,23.186731874447393,17.491481506461948,15080.0
608,2020,NY,191384.19117058825,68660.0,11.8,Middle Median Price,Middle Income,2.7874190383132573,7.797595794108061,35.875481449144694,24544.0
609,2020,OH,140227.90125666666,60380.0,8.7,Low Median Price,Middle Income,2.322423008556917,7.749110370063366,43.05847799111194,18096.0
610,2020,OK,157008.17500000002,52470.0,2.0,Middle Median Price,Low Income,2.9923418143701164,37.74234975961539,33.418642054784726,4160.0
611,2020,OR,315584.27777333336,76860.0,11.25,High Median Price,Middle Income,4.1059625003035825,13.486507597150998,24.354825450209617,23400.0
612,2020,PA,172108.8484818182,70790.0,7.25,Middle Median Price,Middle Income,2.431259337220203,11.413053612852664,41.130947434976505,15080.0
613,2020,RI,310745.8333,80180.0,10.5,High Median Price,High Income,3.875602809927663,14.22828907051282,25.802437686298013,21840.0
614,2020,SC,211301.19444166668,60340.0,7.25,Middle Median Price,Middle Income,3.501842798171473,14.012015546529621,28.556393237359522,15080.0
615,2020,SD,238175.9167,70190.0,9.3,Middle Median Price,Middle Income,3.3933027026641973,12.312650780603805,29.46981414934972,19344.0
616,2020,TN,187447.99697,54980.0,7.25,Middle Median Price,Low Income,3.409385175882139,12.43023852586207,29.330801549615508,15080.0
617,2020,TX,210271.5401222222,68400.0,7.25,Middle Median Price,Middle Income,3.0741453234243012,13.943736082375478,32.529366532552096,15080.0
618,2020,UT,378754.2023857143,83990.0,7.25,High Median Price,High Income,4.509515446906945,25.116326418150813,22.175331513408945,15080.0
619,2020,VA,267314.26852222224,82210.0,7.25,Middle Median Price,High Income,3.25160282839341,17.726410379457707,30.754063542689554,15080.0
620,2020,WA,357457.69444444444,81360.0,13.5,High Median Price,High Income,4.393531150988747,12.729974873377651,22.760735400156523,28080.0
621,2020,WI,187044.23340952385,67410.0,7.25,Middle Median Price,Middle Income,2.7747253138929513,12.403463753947205,36.039603451665485,15080.0
622,2020,WV,136391.6667,51970.0,8.75,Low Median Price,Low Income,2.6244307619780645,7.494047620879121,38.10350093771528,18200.0
623,2020,WY,245854.72223333333,65450.0,5.15,Middle Median Price,Middle Income,3.756374671250318,22.951337027010208,26.621412599056516,10712.0
624,2021,AL,198394.34028333327,56930.0,7.25,Middle Median Price,Middle Income,3.484882140933309,13.156123360963745,28.695375038772003,15080.0
625,2021,AR,180964.49074444445,50780.0,11.0,Middle Median Price,Low Income,3.563696154872872,7.909287182886558,28.060753682174482,22880.0
626,2021,AZ,339793.3055555556,70820.0,12.15,High Median Price,Middle Income,4.797985110922841,13.445445772220467,20.842082184112083,25272.0
627,2021,CA,564357.6388900001,81580.0,14.0,High Median Price,High Income,6.91784308519245,19.380413423420332,14.45537268893084,29120.0
628,2021,CO,504210.29762142856,84950.0,12.32,High Median Price,High Income,5.935377252753721,19.676038712124928,16.848128727387117,25625.600000000002
629,2021,CT,316226.66668,80960.0,13.0,High Median Price,High Income,3.905961791996048,11.694773176035504,25.601888939343002,27040.0
630,2021,DE,297876.875,68690.0,9.25,Middle Median Price,Middle Income,4.336539161449993,15.48216606029106,23.059863240474776,19240.0
631,2021,FL,293425.400004,59730.0,10.0,Middle Median Price,Middle Income,4.912529717127072,14.106990384807693,20.35611095671532,20800.0
632,2021,GA,217760.55951904765,61500.0,7.25,Middle Median Price,Middle Income,3.5408221060007747,14.44035540577239,28.242028830119974,15080.0
633,2021,HI,693023.958325,82200.0,10.1,High Median Price,High Income,8.430948398114355,32.988573796886904,11.861061802058442,21008.0
634,2021,IA,177701.48335999998,72430.0,7.25,Middle Median Price,Middle Income,2.4534237658428824,11.78391799469496,40.75936713103643,15080.0
635,2021,ID,343496.666675,76920.0,7.25,High Median Price,Middle Income,4.465635292186687,22.778293546087532,22.393230404409717,15080.0
636,2021,IL,133471.5583405,79250.0,11.0,Low Median Price,Middle Income,1.6841837014574133,5.833547130266608,59.375945696104715,22880.0
637,2021,IN,173006.9780631579,70190.0,7.25,Middle Median Price,Middle Income,2.46483798351842,11.47261127739774,40.57061789402301,15080.0
638,2021,KS,185633.3333,75980.0,7.25,Middle Median Price,Middle Income,2.4431868031060806,12.309902738726791,40.93014904667447,15080.0
639,2021,KY,190955.46211818184,55630.0,7.25,Middle Median Price,Middle Income,3.432598635955093,12.66282905292983,29.132447630940632,15080.0
640,2021,LA,208437.1354125,57210.0,7.25,Middle Median Price,Middle Income,3.6433689112480336,13.822091207725464,27.447124470781375,15080.0
641,2021,MA,392612.60002,86570.0,13.5,High Median Price,High Income,4.535203881483193,13.98193020014245,22.049725351552663,28080.0
642,2021,MD,280295.4444333333,97330.0,11.75,Middle Median Price,High Income,2.8798463416555355,11.46871703900709,34.72407487633977,24440.0
643,2021,ME,262607.916675,71140.0,12.15,Middle Median Price,Middle Income,3.691424187166151,10.391259760802468,27.08981545596049,25272.0
644,2021,MI,188346.01449130435,64490.0,9.65,Middle Median Price,Middle Income,2.9205460457637518,9.383520052376662,34.240172362647684,20072.0
645,2021,MN,227903.4861,80440.0,8.21,Middle Median Price,High Income,2.8332109162108403,13.345795822402321,35.29564263212032,17076.800000000003
646,2021,MO,182825.55391764708,63590.0,10.3,Middle Median Price,Middle Income,2.8750676823029893,8.533679701159778,34.7817898742119,21424.0
647,2021,MS,203308.3333,46640.0,7.25,Middle Median Price,Low Income,4.359098055317324,13.481984966843502,22.940525478204783,15080.0
648,2021,MT,394672.1875,65000.0,8.75,High Median Price,Middle Income,6.071879807692308,21.685285027472528,16.46936421127977,18200.0
649,2021,NC,246679.8541625,62890.0,7.25,Middle Median Price,Middle Income,3.922401878875815,16.358080514754644,25.494582933623473,15080.0
650,2021,ND,258464.16670000003,68880.0,7.25,Middle Median Price,Middle Income,3.75238337253194,17.139533600795758,26.64972900477503,15080.0
651,2021,NE,227547.2083,78110.0,9.0,Middle Median Price,Middle Income,2.9131635936499807,12.155299588675213,34.32694278411852,18720.0
652,2021,NH,308972.8125,88840.0,7.25,High Median Price,High Income,3.4778569619540747,20.488913295755967,28.753338936577144,15080.0
653,2021,NJ,310222.91665,88560.0,12.0,High Median Price,High Income,3.502968796860886,12.428802750400642,28.547214034453567,24960.0
654,2021,NM,212078.43648333327,53460.0,10.5,Middle Median Price,Low Income,3.9670489428232933,9.710551121031743,25.207654717975675,21840.0
655,2021,NV,418707.88888333336,64340.0,8.75,High Median Price,Middle Income,6.507738403533313,23.005927960622714,15.366321416009281,18200.0
656,2021,NY,217126.7546388889,72920.0,12.5,Middle Median Price,Middle Income,2.977602230374231,8.35102902457265,33.584069416629845,26000.0
657,2021,OH,152966.8954096774,62690.0,7.25,Middle Median Price,Middle Income,2.4400525667519126,10.143693329554205,40.982723635792595,15080.0
658,2021,OK,169173.59166,60100.0,7.25,Middle Median Price,Middle Income,2.814868413643927,11.218407935013262,35.525639321287905,15080.0
659,2021,OR,376438.42778,81860.0,12.75,High Median Price,High Income,4.598563740288298,14.194510851432883,21.745920171529622,26520.0
660,2021,PA,188733.196965,72630.0,7.25,Middle Median Price,Middle Income,2.5985570282940933,12.515463989721486,38.48289605006215,15080.0
661,2021,RI,353358.3333,74980.0,11.5,High Median Price,Middle Income,4.712701164310483,14.772505572742475,21.219253356717143,23920.0
662,2021,SC,240847.0069333333,62540.0,7.25,Middle Median Price,Middle Income,3.8510874149877408,15.971286931918653,25.966691800040152,15080.0
663,2021,SD,273792.95835,73890.0,9.45,Middle Median Price,Middle Income,3.705412888753552,13.929230685286933,26.98754578835574,19656.0
664,2021,TN,227444.975,62170.0,7.25,Middle Median Price,Middle Income,3.6584361428341645,15.082558023872679,27.334083771250604,15080.0
665,2021,TX,244291.34259259253,67400.0,7.25,Middle Median Price,Middle Income,3.6245006319375745,16.19969115335494,27.59000760514209,15080.0
666,2021,UT,465337.1428428572,87650.0,7.25,High Median Price,High Income,5.309037568087361,30.85790071902236,18.83580568370815,15080.0
667,2021,VA,293235.64815555554,80270.0,9.5,Middle Median Price,High Income,3.6531163343161275,14.839860736617183,27.37388871540557,19760.0
668,2021,WA,429420.42593333335,87650.0,13.69,High Median Price,High Income,4.899263273626165,15.080506052049971,20.41123214143695,28475.2
669,2021,WI,203985.06746190475,69940.0,7.25,Middle Median Price,Middle Income,2.916572311437014,13.52686123752684,34.28682347694968,15080.0
670,2021,WV,151150.0,46840.0,7.25,Middle Median Price,Low Income,3.2269427839453457,10.023209549071618,30.98908369169699,15080.0
671,2021,WY,264427.7778,71050.0,7.25,Middle Median Price,Middle Income,3.7217139732582685,17.534998527851457,26.869340502395588,15080.0
672,2022,AL,216632.54166666663,59910.0,7.25,Middle Median Price,Middle Income,3.615966310576976,14.365553160919537,27.655124912943023,15080.0
673,2022,AR,201002.2222111111,53980.0,11.0,Middle Median Price,Low Income,3.7236425011321064,8.785062159576535,26.855424485459277,22880.0
674,2022,AZ,384259.2870444444,73450.0,12.8,High Median Price,Middle Income,5.231576406323273,14.432815769397703,19.114697413026892,26624.0
675,2022,CA,608345.6777833333,85300.0,15.0,High Median Price,High Income,7.131836785267683,19.498258903311967,14.021633277779316,31200.0
676,2022,CO,569348.6369142857,89930.0,12.56,High Median Price,High Income,6.33102009245286,21.793416099426054,15.795242873926258,26124.8
677,2022,CT,341104.16666,90730.0,14.0,High Median Price,High Income,3.759552150997465,11.713741986950549,26.598912844836725,29120.0
678,2022,DE,325295.98485,80750.0,10.5,High Median Price,High Income,4.028433248916409,14.894504800824176,24.823546480979566,21840.0
679,2022,FL,349895.703332,65370.0,11.0,High Median Price,Middle Income,5.352542501636837,15.292644376398602,18.682710126901274,22880.0
680,2022,GA,245394.06746666663,67730.0,7.25,Middle Median Price,Middle Income,3.623122212707318,16.27281614500442,27.600504241692875,15080.0
681,2022,HI,777521.270825,91010.0,10.1,High Median Price,High Income,8.543250970497748,37.010723097153466,11.705146008858708,21008.0
682,2022,IA,200776.66666,76320.0,7.25,Middle Median Price,Middle Income,2.630721523322851,13.314102563660477,38.012385238590554,15080.0
683,2022,ID,367738.33332,72580.0,7.25,High Median Price,Middle Income,5.066662073849545,24.385831122015915,19.73685999627405,15080.0
684,2022,IL,140619.97917150002,78020.0,12.0,Low Median Price,Middle Income,1.8023581026852091,5.633813268088943,55.482869830926994,24960.0
685,2022,IN,188470.17982631573,70030.0,7.25,Middle Median Price,Middle Income,2.6912777356320965,12.498022534901573,37.157071778960464,15080.0
686,2022,KS,199208.3333,73040.0,7.25,Middle Median Price,Middle Income,2.7273868195509308,13.210101677718832,36.665132823537355,15080.0
687,2022,KY,210186.2348454545,55880.0,7.25,Middle Median Price,Middle Income,3.7613857345285346,13.938079233783455,26.58594652551219,15080.0
688,2022,LA,218723.479175,58330.0,7.25,Middle Median Price,Middle Income,3.749759629264529,14.504209494363394,26.66837607924586,15080.0
689,2022,MA,435805.71666,93550.0,14.25,High Median Price,High Income,4.658532513735969,14.703296783400809,21.465987347977897,29640.0
690,2022,MD,299193.74998333334,108200.0,12.5,Middle Median Price,High Income,2.7651917743376466,11.507451922435898,36.16385703445587,26000.0
691,2022,ME,294441.583325,75160.0,12.75,Middle Median Price,Middle Income,3.917530379523683,11.102623805618402,25.526285775008745,26520.0
692,2022,MI,208120.3662695652,68990.0,9.87,Middle Median Price,Middle Income,3.0166743914997127,10.137575319030336,33.1490863852515,20529.6
693,2022,MN,240759.56945,90390.0,8.42,Middle Median Price,High Income,2.663564215621197,13.747006295107804,37.54367903485217,17513.6
694,2022,MO,200388.8676529412,71520.0,11.15,Middle Median Price,Middle Income,2.801857769196605,8.640430650782218,35.69060539024921,23192.0
695,2022,MS,222845.8333,48610.0,7.25,Middle Median Price,Low Income,4.584361927586916,14.777575152519894,21.81328646812083,15080.0
696,2022,MT,456293.75,72980.0,9.2,High Median Price,Middle Income,6.252312277336257,23.8447820861204,15.994082759187474,19136.0
697,2022,NC,281076.854153125,65070.0,7.25,Middle Median Price,Middle Income,4.319607409760643,18.63904868389423,23.150251982168253,15080.0
698,2022,ND,278795.04165,78720.0,7.25,Middle Median Price,Middle Income,3.5416036794969514,18.487734857427057,28.235796280346076,15080.0
699,2022,NE,250938.33335000003,78360.0,9.0,Middle Median Price,Middle Income,3.2023779141143445,13.404825499465813,31.22679542575355,18720.0
700,2022,NH,346491.6875,84970.0,7.25,High Median Price,High Income,4.077812021890079,22.976902354111406,24.52295482557572,15080.0
701,2022,NJ,334608.47915,92340.0,11.9,High Median Price,High Income,3.6236569108728616,13.518442111748547,27.596431577158377,24752.0
702,2022,NM,230323.06945,56420.0,11.5,Middle Median Price,Middle Income,4.082294743885147,9.628890863294314,24.496026444388807,23920.0
703,2022,NV,464338.9583166667,72330.0,9.5,High Median Price,Middle Income,6.419728443476658,23.498935137483134,15.576982870920961,19760.0
704,2022,NY,241338.14352222224,75910.0,13.2,Middle Median Price,Middle Income,3.179266809672273,8.789996486094925,31.45379296124828,27456.0
705,2022,OH,164762.67448387097,67520.0,7.25,Middle Median Price,Middle Income,2.4402054870241554,10.925906796012663,40.98015537287828,15080.0
706,2022,OK,178529.13568181815,63440.0,7.25,Middle Median Price,Middle Income,2.8141414830046996,11.838802100916324,35.53481607229945,15080.0
707,2022,OR,415267.6166666666,86780.0,13.5,High Median Price,High Income,4.785291733886456,14.788732787274451,20.89736750883176,28080.0
708,2022,PA,206974.7689272728,72210.0,7.25,Middle Median Price,Middle Income,2.866289557225769,13.725117302869549,34.88831048067183,15080.0
709,2022,RI,388708.3333,80650.0,12.25,High Median Price,High Income,4.819694151270924,15.255429093406594,20.748204525308026,25480.0
710,2022,SC,270576.517675,61770.0,7.25,Middle Median Price,Middle Income,4.380387205358589,17.94273989887268,22.82903207224891,15080.0
711,2022,SD,312761.6667,67180.0,9.95,High Median Price,Middle Income,4.655577057159869,15.112179488790105,21.479614400584087,20696.0
712,2022,TN,259578.791665,65380.0,7.25,Middle Median Price,Middle Income,3.970308835500153,17.213447723143236,25.186957524779725,15080.0
713,2022,TX,270197.5277777777,74640.0,7.25,Middle Median Price,Middle Income,3.620009750506132,17.917607942823455,27.624234986112533,15080.0
714,2022,UT,529917.8452857144,95800.0,7.25,High Median Price,High Income,5.531501516552342,35.14044066881395,18.078273991385924,15080.0
715,2022,VA,319745.3518333333,85170.0,11.0,High Median Price,High Income,3.7542016183319635,13.974884258449883,26.636821930845368,22880.0
716,2022,WA,467987.5,89430.0,14.49,High Median Price,High Income,5.2330034663983005,15.527535568296438,19.109484761879322,30139.2
717,2022,WI,223892.57937142847,73330.0,7.25,Middle Median Price,Middle Income,3.0532194104926833,14.846988021978015,32.75231372378295,15080.0
718,2022,WV,152927.0833,52460.0,7.25,Middle Median Price,Low Income,2.9151178669462445,10.141053269230769,34.30393025746016,15080.0
719,2022,WY,281688.8889,73090.0,7.25,Middle Median Price,Middle Income,3.8540003954029283,18.67963454244032,25.947065319266837,15080.0
