,Year,State,State_Minimum_Wage
0,1990,AL,3.35
1,1990,AR,3.25
2,1990,AZ,3.35
3,1990,CA,3.35
4,1990,CO,3.0
5,1990,CT,3.75
6,1990,DE,3.35
7,1990,FL,3.35
8,1990,GA,3.25
9,1990,HI,3.85
10,1990,IA,3.35
11,1990,ID,2.3
12,1990,IL,3.35
13,1990,IN,2.0
14,1990,KS,1.6
15,1990,KY,3.35
16,1990,LA,3.35
17,1990,MA,3.65
18,1990,MD,3.35
19,1990,ME,3.65
20,1990,MI,3.35
21,1990,MN,3.55
22,1990,MO,3.35
23,1990,MS,3.35
24,1990,MT,3.35
25,1990,NC,3.35
26,1990,ND,2.8
27,1990,NE,3.35
28,1990,NH,3.55
29,1990,NJ,3.35
30,1990,NM,3.35
31,1990,NV,3.35
32,1990,NY,3.35
33,1990,OH,2.3
34,1990,OK,3.35
35,1990,OR,3.35
36,1990,PA,3.35
37,1990,RI,3.65
38,1990,SC,3.35
39,1990,SD,2.8
40,1990,TN,3.35
41,1990,TX,3.35
42,1990,UT,2.5
43,1990,VA,2.65
44,1990,WA,2.3
45,1990,WI,3.35
46,1990,WV,3.35
47,1990,WY,1.6
48,1991,AL,3.8
49,1991,AR,3.35
50,1991,AZ,3.8
51,1991,CA,4.25
52,1991,CO,3.0
53,1991,CT,4.25
54,1991,DE,3.8
55,1991,FL,3.8
56,1991,GA,3.25
57,1991,HI,3.85
58,1991,IA,4.25
59,1991,ID,3.8
60,1991,IL,3.8
61,1991,IN,3.35
62,1991,KS,2.65
63,1991,KY,3.8
64,1991,LA,3.8
65,1991,MA,3.75
66,1991,MD,3.8
67,1991,ME,3.85
68,1991,MI,3.35
69,1991,MN,4.25
70,1991,MO,3.8
71,1991,MS,3.8
72,1991,MT,3.8
73,1991,NC,3.35
74,1991,ND,3.4
75,1991,NE,3.35
76,1991,NH,3.85
77,1991,NJ,3.8
78,1991,NM,3.35
79,1991,NV,3.8
80,1991,NY,3.8
81,1991,OH,3.8
82,1991,OK,3.8
83,1991,OR,4.75
84,1991,PA,3.8
85,1991,RI,4.25
86,1991,SC,3.8
87,1991,SD,3.8
88,1991,TN,3.8
89,1991,TX,3.35
90,1991,UT,3.8
91,1991,VA,2.65
92,1991,WA,4.25
93,1991,WI,3.8
94,1991,WV,3.35
95,1991,WY,1.6
96,1992,AL,4.25
97,1992,AR,3.65
98,1992,AZ,4.25
99,1992,CA,4.25
100,1992,CO,3.0
101,1992,CT,4.27
102,1992,DE,4.25
103,1992,FL,4.25
104,1992,GA,3.25
105,1992,HI,3.85
106,1992,IA,4.65
107,1992,ID,4.25
108,1992,IL,4.25
109,1992,IN,3.35
110,1992,KS,2.65
111,1992,KY,4.25
112,1992,LA,4.25
113,1992,MA,4.25
114,1992,MD,4.25
115,1992,ME,4.25
116,1992,MI,3.35
117,1992,MN,4.25
118,1992,MO,4.25
119,1992,MS,4.25
120,1992,MT,4.25
121,1992,NC,3.8
122,1992,ND,4.25
123,1992,NE,4.25
124,1992,NH,4.25
125,1992,NJ,4.25
126,1992,NM,3.35
127,1992,NV,4.25
128,1992,NY,4.25
129,1992,OH,4.25
130,1992,OK,4.25
131,1992,OR,4.75
132,1992,PA,4.25
133,1992,RI,4.45
134,1992,SC,4.25
135,1992,SD,4.25
136,1992,TN,4.25
137,1992,TX,3.35
138,1992,UT,4.25
139,1992,VA,3.65
140,1992,WA,4.25
141,1992,WI,3.8
142,1992,WV,3.8
143,1992,WY,1.6
144,1993,AL,4.25
145,1993,AR,3.65
146,1993,AZ,4.25
147,1993,CA,4.25
148,1993,CO,3.0
149,1993,CT,4.27
150,1993,DE,4.25
151,1993,FL,4.25
152,1993,GA,3.25
153,1993,HI,3.85
154,1993,IA,4.65
155,1993,ID,4.25
156,1993,IL,4.25
157,1993,IN,3.35
158,1993,KS,2.65
159,1993,KY,4.25
160,1993,LA,4.25
161,1993,MA,4.25
162,1993,MD,4.25
163,1993,ME,4.25
164,1993,MI,3.35
165,1993,MN,4.25
166,1993,MO,4.25
167,1993,MS,4.25
168,1993,MT,4.25
169,1993,NC,3.8
170,1993,ND,4.25
171,1993,NE,4.25
172,1993,NH,4.25
173,1993,NJ,4.25
174,1993,NM,3.35
175,1993,NV,4.25
176,1993,NY,4.25
177,1993,OH,4.25
178,1993,OK,4.25
179,1993,OR,4.75
180,1993,PA,4.25
181,1993,RI,4.45
182,1993,SC,4.25
183,1993,SD,4.25
184,1993,TN,4.25
185,1993,TX,3.35
186,1993,UT,4.25
187,1993,VA,3.65
188,1993,WA,4.25
189,1993,WI,3.8
190,1993,WV,3.8
191,1993,WY,1.6
192,1994,AL,4.25
193,1994,AR,4.25
194,1994,AZ,4.25
195,1994,CA,4.25
196,1994,CO,3.0
197,1994,CT,4.27
198,1994,DE,4.25
199,1994,FL,4.25
200,1994,GA,3.25
201,1994,HI,5.25
202,1994,IA,4.65
203,1994,ID,4.25
204,1994,IL,4.25
205,1994,IN,3.35
206,1994,KS,2.65
207,1994,KY,4.25
208,1994,LA,4.25
209,1994,MA,4.25
210,1994,MD,4.25
211,1994,ME,4.25
212,1994,MI,3.35
213,1994,MN,4.25
214,1994,MO,4.25
215,1994,MS,4.25
216,1994,MT,4.25
217,1994,NC,4.25
218,1994,ND,4.25
219,1994,NE,4.25
220,1994,NH,4.25
221,1994,NJ,5.05
222,1994,NM,4.25
223,1994,NV,4.25
224,1994,NY,4.25
225,1994,OH,4.25
226,1994,OK,4.25
227,1994,OR,4.75
228,1994,PA,4.25
229,1994,RI,4.45
230,1994,SC,4.25
231,1994,SD,4.25
232,1994,TN,4.25
233,1994,TX,3.35
234,1994,UT,4.25
235,1994,VA,4.25
236,1994,WA,4.25
237,1994,WI,4.25
238,1994,WV,4.25
239,1994,WY,1.6
240,1995,AL,4.25
241,1995,AR,4.25
242,1995,AZ,4.25
243,1995,CA,4.25
244,1995,CO,3.0
245,1995,CT,4.27
246,1995,DE,4.25
247,1995,FL,4.25
248,1995,GA,3.25
249,1995,HI,5.25
250,1995,IA,4.65
251,1995,ID,4.25
252,1995,IL,4.25
253,1995,IN,3.35
254,1995,KS,2.65
255,1995,KY,4.25
256,1995,LA,4.25
257,1995,MA,4.25
258,1995,MD,4.25
259,1995,ME,4.25
260,1995,MI,3.35
261,1995,MN,4.25
262,1995,MO,4.25
263,1995,MS,4.25
264,1995,MT,4.25
265,1995,NC,4.25
266,1995,ND,4.25
267,1995,NE,4.25
268,1995,NH,4.25
269,1995,NJ,5.05
270,1995,NM,4.25
271,1995,NV,4.25
272,1995,NY,4.25
273,1995,OH,4.25
274,1995,OK,4.25
275,1995,OR,4.75
276,1995,PA,4.25
277,1995,RI,4.45
278,1995,SC,4.25
279,1995,SD,4.25
280,1995,TN,4.25
281,1995,TX,3.35
282,1995,UT,4.25
283,1995,VA,4.25
284,1995,WA,4.25
285,1995,WI,4.25
286,1995,WV,4.25
287,1995,WY,1.6
288,1996,AL,4.25
289,1996,AR,4.25
290,1996,AZ,4.25
291,1996,CA,4.25
292,1996,CO,3.0
293,1996,CT,4.27
294,1996,DE,4.65
295,1996,FL,4.25
296,1996,GA,3.25
297,1996,HI,5.25
298,1996,IA,4.65
299,1996,ID,4.25
300,1996,IL,4.25
301,1996,IN,3.35
302,1996,KS,2.65
303,1996,KY,4.25
304,1996,LA,4.25
305,1996,MA,4.75
306,1996,MD,4.25
307,1996,ME,4.25
308,1996,MI,3.35
309,1996,MN,4.25
310,1996,MO,4.25
311,1996,MS,4.25
312,1996,MT,4.25
313,1996,NC,4.25
314,1996,ND,4.25
315,1996,NE,4.25
316,1996,NH,4.25
317,1996,NJ,5.05
318,1996,NM,4.25
319,1996,NV,4.25
320,1996,NY,4.25
321,1996,OH,4.25
322,1996,OK,4.25
323,1996,OR,4.75
324,1996,PA,4.25
325,1996,RI,4.45
326,1996,SC,4.25
327,1996,SD,4.25
328,1996,TN,4.25
329,1996,TX,3.35
330,1996,UT,4.25
331,1996,VA,4.25
332,1996,WA,4.9
333,1996,WI,4.25
334,1996,WV,4.25
335,1996,WY,1.6
336,1997,AL,4.75
337,1997,AR,4.25
338,1997,AZ,4.75
339,1997,CA,4.75
340,1997,CO,4.75
341,1997,CT,4.77
342,1997,DE,5.0
343,1997,FL,4.75
344,1997,GA,3.25
345,1997,HI,5.25
346,1997,IA,4.75
347,1997,ID,4.25
348,1997,IL,4.75
349,1997,IN,3.35
350,1997,KS,2.65
351,1997,KY,4.25
352,1997,LA,4.75
353,1997,MA,5.25
354,1997,MD,4.75
355,1997,ME,4.75
356,1997,MI,3.35
357,1997,MN,4.25
358,1997,MO,4.75
359,1997,MS,4.75
360,1997,MT,4.75
361,1997,NC,4.25
362,1997,ND,4.75
363,1997,NE,4.25
364,1997,NH,4.75
365,1997,NJ,5.05
366,1997,NM,4.25
367,1997,NV,4.75
368,1997,NY,4.25
369,1997,OH,4.25
370,1997,OK,4.75
371,1997,OR,5.5
372,1997,PA,4.75
373,1997,RI,5.15
374,1997,SC,4.75
375,1997,SD,4.25
376,1997,TN,4.75
377,1997,TX,3.35
378,1997,UT,4.75
379,1997,VA,4.75
380,1997,WA,4.9
381,1997,WI,4.75
382,1997,WV,4.25
383,1997,WY,1.6
384,1998,AL,5.15
385,1998,AR,5.15
386,1998,AZ,5.15
387,1998,CA,5.15
388,1998,CO,5.15
389,1998,CT,5.18
390,1998,DE,5.15
391,1998,FL,5.15
392,1998,GA,3.25
393,1998,HI,5.25
394,1998,IA,5.15
395,1998,ID,5.15
396,1998,IL,5.15
397,1998,IN,3.35
398,1998,KS,2.65
399,1998,KY,4.25
400,1998,LA,5.15
401,1998,MA,5.25
402,1998,MD,5.15
403,1998,ME,5.15
404,1998,MI,5.15
405,1998,MN,5.15
406,1998,MO,5.15
407,1998,MS,5.15
408,1998,MT,5.15
409,1998,NC,5.15
410,1998,ND,5.15
411,1998,NE,5.15
412,1998,NH,5.15
413,1998,NJ,5.05
414,1998,NM,4.25
415,1998,NV,5.15
416,1998,NY,4.25
417,1998,OH,4.25
418,1998,OK,5.15
419,1998,OR,6.0
420,1998,PA,5.15
421,1998,RI,5.15
422,1998,SC,5.15
423,1998,SD,5.15
424,1998,TN,5.15
425,1998,TX,3.35
426,1998,UT,5.15
427,1998,VA,5.15
428,1998,WA,4.9
429,1998,WI,5.15
430,1998,WV,4.75
431,1998,WY,1.6
432,1999,AL,5.15
433,1999,AR,5.15
434,1999,AZ,5.15
435,1999,CA,5.15
436,1999,CO,5.15
437,1999,CT,5.18
438,1999,DE,5.15
439,1999,FL,5.15
440,1999,GA,3.25
441,1999,HI,5.25
442,1999,IA,5.15
443,1999,ID,5.15
444,1999,IL,5.15
445,1999,IN,3.35
446,1999,KS,2.65
447,1999,KY,4.25
448,1999,LA,5.15
449,1999,MA,5.25
450,1999,MD,5.15
451,1999,ME,5.15
452,1999,MI,5.15
453,1999,MN,5.15
454,1999,MO,5.15
455,1999,MS,5.15
456,1999,MT,5.15
457,1999,NC,5.15
458,1999,ND,5.15
459,1999,NE,5.15
460,1999,NH,5.15
461,1999,NJ,5.05
462,1999,NM,4.25
463,1999,NV,5.15
464,1999,NY,4.25
465,1999,OH,4.25
466,1999,OK,5.15
467,1999,OR,6.0
468,1999,PA,5.15
469,1999,RI,5.15
470,1999,SC,5.15
471,1999,SD,5.15
472,1999,TN,5.15
473,1999,TX,3.35
474,1999,UT,5.15
475,1999,VA,5.15
476,1999,WA,4.9
477,1999,WI,5.15
478,1999,WV,4.75
479,1999,WY,1.6
480,2000,AL,5.15
481,2000,AR,5.15
482,2000,AZ,5.15
483,2000,CA,5.75
484,2000,CO,5.15
485,2000,CT,6.15
486,2000,DE,5.65
487,2000,FL,5.15
488,2000,GA,3.25
489,2000,HI,5.25
490,2000,IA,5.15
491,2000,ID,5.15
492,2000,IL,5.15
493,2000,IN,5.15
494,2000,KS,2.65
495,2000,KY,5.15
496,2000,LA,5.15
497,2000,MA,6.0
498,2000,MD,5.15
499,2000,ME,5.15
500,2000,MI,5.15
501,2000,MN,4.9
502,2000,MO,5.15
503,2000,MS,5.15
504,2000,MT,4.0
505,2000,NC,5.15
506,2000,ND,5.15
507,2000,NE,5.15
508,2000,NH,5.15
509,2000,NJ,5.15
510,2000,NM,4.25
511,2000,NV,5.15
512,2000,NY,4.25
513,2000,OH,2.8
514,2000,OK,2.0
515,2000,OR,6.5
516,2000,PA,5.15
517,2000,RI,5.65
518,2000,SC,5.15
519,2000,SD,5.15
520,2000,TN,5.15
521,2000,TX,3.35
522,2000,UT,5.15
523,2000,VA,5.15
524,2000,WA,6.5
525,2000,WI,5.15
526,2000,WV,5.15
527,2000,WY,1.6
528,2001,AL,5.15
529,2001,AR,5.15
530,2001,AZ,5.15
531,2001,CA,6.25
532,2001,CO,5.15
533,2001,CT,6.4
534,2001,DE,6.15
535,2001,FL,5.15
536,2001,GA,3.25
537,2001,HI,5.25
538,2001,IA,5.15
539,2001,ID,5.15
540,2001,IL,5.15
541,2001,IN,5.15
542,2001,KS,2.65
543,2001,KY,5.15
544,2001,LA,5.15
545,2001,MA,6.75
546,2001,MD,5.15
547,2001,ME,5.15
548,2001,MI,5.15
549,2001,MN,4.9
550,2001,MO,5.15
551,2001,MS,5.15
552,2001,MT,4.0
553,2001,NC,5.15
554,2001,ND,5.15
555,2001,NE,5.15
556,2001,NH,5.15
557,2001,NJ,5.15
558,2001,NM,4.25
559,2001,NV,5.15
560,2001,NY,5.15
561,2001,OH,2.8
562,2001,OK,2.0
563,2001,OR,6.5
564,2001,PA,5.15
565,2001,RI,6.15
566,2001,SC,5.15
567,2001,SD,5.15
568,2001,TN,5.15
569,2001,TX,3.35
570,2001,UT,5.15
571,2001,VA,5.15
572,2001,WA,6.72
573,2001,WI,5.15
574,2001,WV,5.15
575,2001,WY,1.6
576,2002,AL,5.15
577,2002,AR,5.15
578,2002,AZ,5.15
579,2002,CA,6.75
580,2002,CO,5.15
581,2002,CT,6.7
582,2002,DE,6.15
583,2002,FL,5.15
584,2002,GA,5.15
585,2002,HI,5.75
586,2002,IA,5.15
587,2002,ID,5.15
588,2002,IL,5.15
589,2002,IN,5.15
590,2002,KS,2.65
591,2002,KY,5.15
592,2002,LA,5.15
593,2002,MA,6.75
594,2002,MD,5.15
595,2002,ME,5.75
596,2002,MI,5.15
597,2002,MN,4.9
598,2002,MO,5.15
599,2002,MS,5.15
600,2002,MT,4.0
601,2002,NC,5.15
602,2002,ND,5.15
603,2002,NE,5.15
604,2002,NH,5.15
605,2002,NJ,5.15
606,2002,NM,4.25
607,2002,NV,5.15
608,2002,NY,5.15
609,2002,OH,2.8
610,2002,OK,2.0
611,2002,OR,6.5
612,2002,PA,5.15
613,2002,RI,6.15
614,2002,SC,5.15
615,2002,SD,5.15
616,2002,TN,5.15
617,2002,TX,5.15
618,2002,UT,5.15
619,2002,VA,5.15
620,2002,WA,6.9
621,2002,WI,5.15
622,2002,WV,5.15
623,2002,WY,5.15
624,2003,AL,5.15
625,2003,AR,5.15
626,2003,AZ,5.15
627,2003,CA,6.75
628,2003,CO,5.15
629,2003,CT,6.9
630,2003,DE,6.15
631,2003,FL,5.15
632,2003,GA,5.15
633,2003,HI,6.25
634,2003,IA,5.15
635,2003,ID,5.15
636,2003,IL,5.15
637,2003,IN,5.15
638,2003,KS,2.65
639,2003,KY,5.15
640,2003,LA,5.15
641,2003,MA,6.75
642,2003,MD,5.15
643,2003,ME,6.25
644,2003,MI,5.15
645,2003,MN,4.9
646,2003,MO,5.15
647,2003,MS,5.15
648,2003,MT,4.0
649,2003,NC,5.15
650,2003,ND,5.15
651,2003,NE,5.15
652,2003,NH,5.15
653,2003,NJ,5.15
654,2003,NM,4.25
655,2003,NV,5.15
656,2003,NY,5.15
657,2003,OH,2.8
658,2003,OK,2.0
659,2003,OR,6.9
660,2003,PA,5.15
661,2003,RI,6.15
662,2003,SC,5.15
663,2003,SD,5.15
664,2003,TN,5.15
665,2003,TX,5.15
666,2003,UT,5.15
667,2003,VA,5.15
668,2003,WA,7.01
669,2003,WI,5.15
670,2003,WV,5.15
671,2003,WY,5.15
672,2004,AL,5.15
673,2004,AR,5.15
674,2004,AZ,5.15
675,2004,CA,6.75
676,2004,CO,5.15
677,2004,CT,7.1
678,2004,DE,6.15
679,2004,FL,5.15
680,2004,GA,5.15
681,2004,HI,6.25
682,2004,IA,5.15
683,2004,ID,5.15
684,2004,IL,5.5
685,2004,IN,5.15
686,2004,KS,2.65
687,2004,KY,5.15
688,2004,LA,5.15
689,2004,MA,6.75
690,2004,MD,5.15
691,2004,ME,6.25
692,2004,MI,5.15
693,2004,MN,4.9
694,2004,MO,5.15
695,2004,MS,5.15
696,2004,MT,4.0
697,2004,NC,5.15
698,2004,ND,5.15
699,2004,NE,5.15
700,2004,NH,5.15
701,2004,NJ,5.15
702,2004,NM,5.15
703,2004,NV,5.15
704,2004,NY,5.15
705,2004,OH,2.8
706,2004,OK,2.0
707,2004,OR,7.05
708,2004,PA,5.15
709,2004,RI,6.75
710,2004,SC,5.15
711,2004,SD,5.15
712,2004,TN,5.15
713,2004,TX,5.15
714,2004,UT,5.15
715,2004,VA,5.15
716,2004,WA,7.16
717,2004,WI,5.15
718,2004,WV,5.15
719,2004,WY,5.15
720,2005,AL,5.15
721,2005,AR,5.15
722,2005,AZ,5.15
723,2005,CA,6.75
724,2005,CO,5.15
725,2005,CT,7.1
726,2005,DE,6.15
727,2005,FL,5.15
728,2005,GA,5.15
729,2005,HI,6.25
730,2005,IA,5.15
731,2005,ID,5.15
732,2005,IL,6.5
733,2005,IN,5.15
734,2005,KS,2.65
735,2005,KY,5.15
736,2005,LA,5.15
737,2005,MA,6.75
738,2005,MD,5.15
739,2005,ME,6.35
740,2005,MI,5.15
741,2005,MN,4.9
742,2005,MO,5.15
743,2005,MS,5.15
744,2005,MT,4.0
745,2005,NC,5.15
746,2005,ND,5.15
747,2005,NE,5.15
748,2005,NH,5.15
749,2005,NJ,5.15
750,2005,NM,5.15
751,2005,NV,5.15
752,2005,NY,6.0
753,2005,OH,2.8
754,2005,OK,2.0
755,2005,OR,7.25
756,2005,PA,5.15
757,2005,RI,6.75
758,2005,SC,5.15
759,2005,SD,5.15
760,2005,TN,5.15
761,2005,TX,5.15
762,2005,UT,5.15
763,2005,VA,5.15
764,2005,WA,7.35
765,2005,WI,5.15
766,2005,WV,5.15
767,2005,WY,5.15
768,2006,AL,5.15
769,2006,AR,5.15
770,2006,AZ,5.15
771,2006,CA,6.75
772,2006,CO,5.15
773,2006,CT,7.4
774,2006,DE,6.15
775,2006,FL,6.4
776,2006,GA,5.15
777,2006,HI,6.75
778,2006,IA,5.15
779,2006,ID,5.15
780,2006,IL,6.5
781,2006,IN,5.15
782,2006,KS,2.65
783,2006,KY,5.15
784,2006,LA,5.15
785,2006,MA,6.75
786,2006,MD,5.15
787,2006,ME,6.5
788,2006,MI,5.15
789,2006,MN,5.25
790,2006,MO,5.15
791,2006,MS,5.15
792,2006,MT,4.0
793,2006,NC,5.15
794,2006,ND,5.15
795,2006,NE,5.15
796,2006,NH,5.15
797,2006,NJ,6.15
798,2006,NM,5.15
799,2006,NV,5.15
800,2006,NY,6.75
801,2006,OH,2.8
802,2006,OK,2.0
803,2006,OR,7.5
804,2006,PA,5.15
805,2006,RI,6.75
806,2006,SC,5.15
807,2006,SD,5.15
808,2006,TN,5.15
809,2006,TX,5.15
810,2006,UT,5.15
811,2006,VA,5.15
812,2006,WA,7.63
813,2006,WI,5.7
814,2006,WV,5.15
815,2006,WY,5.15
816,2007,AL,5.15
817,2007,AR,6.25
818,2007,AZ,6.75
819,2007,CA,7.5
820,2007,CO,6.85
821,2007,CT,7.65
822,2007,DE,6.65
823,2007,FL,6.67
824,2007,GA,5.15
825,2007,HI,7.25
826,2007,IA,5.15
827,2007,ID,5.15
828,2007,IL,7.5
829,2007,IN,5.15
830,2007,KS,2.65
831,2007,KY,5.15
832,2007,LA,5.15
833,2007,MA,7.5
834,2007,MD,6.15
835,2007,ME,6.75
836,2007,MI,6.95
837,2007,MN,5.25
838,2007,MO,6.5
839,2007,MS,5.15
840,2007,MT,4.0
841,2007,NC,6.15
842,2007,ND,5.15
843,2007,NE,5.15
844,2007,NH,5.15
845,2007,NJ,7.15
846,2007,NM,5.15
847,2007,NV,6.15
848,2007,NY,7.15
849,2007,OH,6.85
850,2007,OK,2.0
851,2007,OR,7.8
852,2007,PA,6.25
853,2007,RI,7.4
854,2007,SC,5.15
855,2007,SD,5.15
856,2007,TN,5.15
857,2007,TX,5.15
858,2007,UT,5.15
859,2007,VA,5.15
860,2007,WA,7.93
861,2007,WI,6.5
862,2007,WV,5.85
863,2007,WY,5.15
864,2008,AL,5.85
865,2008,AR,6.25
866,2008,AZ,6.9
867,2008,CA,8.0
868,2008,CO,7.02
869,2008,CT,7.65
870,2008,DE,7.15
871,2008,FL,6.79
872,2008,GA,5.15
873,2008,HI,7.25
874,2008,IA,7.25
875,2008,ID,5.85
876,2008,IL,7.75
877,2008,IN,5.85
878,2008,KS,2.65
879,2008,KY,5.85
880,2008,LA,5.85
881,2008,MA,8.0
882,2008,MD,6.15
883,2008,ME,7.0
884,2008,MI,7.15
885,2008,MN,5.25
886,2008,MO,6.65
887,2008,MS,5.85
888,2008,MT,4.0
889,2008,NC,6.15
890,2008,ND,5.85
891,2008,NE,5.85
892,2008,NH,6.5
893,2008,NJ,7.15
894,2008,NM,6.5
895,2008,NV,6.33
896,2008,NY,7.15
897,2008,OH,7.0
898,2008,OK,2.0
899,2008,OR,7.95
900,2008,PA,7.15
901,2008,RI,7.4
902,2008,SC,5.85
903,2008,SD,5.85
904,2008,TN,5.85
905,2008,TX,5.85
906,2008,UT,5.85
907,2008,VA,5.85
908,2008,WA,8.07
909,2008,WI,6.5
910,2008,WV,6.55
911,2008,WY,5.15
912,2009,AL,6.55
913,2009,AR,6.25
914,2009,AZ,7.25
915,2009,CA,8.0
916,2009,CO,7.28
917,2009,CT,8.0
918,2009,DE,7.15
919,2009,FL,7.21
920,2009,GA,5.15
921,2009,HI,7.25
922,2009,IA,7.25
923,2009,ID,6.55
924,2009,IL,8.0
925,2009,IN,6.55
926,2009,KS,2.65
927,2009,KY,6.55
928,2009,LA,6.55
929,2009,MA,8.0
930,2009,MD,6.55
931,2009,ME,7.25
932,2009,MI,7.4
933,2009,MN,5.25
934,2009,MO,7.05
935,2009,MS,6.55
936,2009,MT,4.0
937,2009,NC,6.55
938,2009,ND,6.55
939,2009,NE,6.55
940,2009,NH,7.25
941,2009,NJ,7.15
942,2009,NM,7.5
943,2009,NV,6.55
944,2009,NY,7.15
945,2009,OH,7.3
946,2009,OK,2.0
947,2009,OR,8.4
948,2009,PA,7.15
949,2009,RI,7.4
950,2009,SC,6.55
951,2009,SD,6.55
952,2009,TN,6.55
953,2009,TX,6.55
954,2009,UT,6.55
955,2009,VA,6.55
956,2009,WA,8.55
957,2009,WI,6.5
958,2009,WV,7.25
959,2009,WY,5.15
960,2010,AL,7.25
961,2010,AR,6.25
962,2010,AZ,7.25
963,2010,CA,8.0
964,2010,CO,7.24
965,2010,CT,8.25
966,2010,DE,7.25
967,2010,FL,7.25
968,2010,GA,5.15
969,2010,HI,7.25
970,2010,IA,7.25
971,2010,ID,7.25
972,2010,IL,8.25
973,2010,IN,7.25
974,2010,KS,7.25
975,2010,KY,7.25
976,2010,LA,7.25
977,2010,MA,8.0
978,2010,MD,7.25
979,2010,ME,7.5
980,2010,MI,7.4
981,2010,MN,5.25
982,2010,MO,7.25
983,2010,MS,7.25
984,2010,MT,4.0
985,2010,NC,7.25
986,2010,ND,7.25
987,2010,NE,7.25
988,2010,NH,7.25
989,2010,NJ,7.25
990,2010,NM,7.5
991,2010,NV,6.55
992,2010,NY,7.25
993,2010,OH,7.3
994,2010,OK,2.0
995,2010,OR,8.4
996,2010,PA,7.25
997,2010,RI,7.4
998,2010,SC,7.25
999,2010,SD,7.25
1000,2010,TN,7.25
1001,2010,TX,7.25
1002,2010,UT,7.25
1003,2010,VA,7.25
1004,2010,WA,8.55
1005,2010,WI,7.25
1006,2010,WV,7.25
1007,2010,WY,5.15
1008,2011,AL,7.25
1009,2011,AR,6.25
1010,2011,AZ,7.35
1011,2011,CA,8.0
1012,2011,CO,7.36
1013,2011,CT,8.25
1014,2011,DE,7.25
1015,2011,FL,7.25
1016,2011,GA,5.15
1017,2011,HI,7.25
1018,2011,IA,7.25
1019,2011,ID,7.25
1020,2011,IL,8.25
1021,2011,IN,7.25
1022,2011,KS,7.25
1023,2011,KY,7.25
1024,2011,LA,7.25
1025,2011,MA,8.0
1026,2011,MD,7.25
1027,2011,ME,7.5
1028,2011,MI,7.4
1029,2011,MN,5.25
1030,2011,MO,7.25
1031,2011,MS,7.25
1032,2011,MT,4.0
1033,2011,NC,7.25
1034,2011,ND,7.25
1035,2011,NE,7.25
1036,2011,NH,7.25
1037,2011,NJ,7.25
1038,2011,NM,7.5
1039,2011,NV,7.25
1040,2011,NY,7.25
1041,2011,OH,7.4
1042,2011,OK,2.0
1043,2011,OR,8.5
1044,2011,PA,7.25
1045,2011,RI,7.4
1046,2011,SC,7.25
1047,2011,SD,7.25
1048,2011,TN,7.25
1049,2011,TX,7.25
1050,2011,UT,7.25
1051,2011,VA,7.25
1052,2011,WA,8.67
1053,2011,WI,7.25
1054,2011,WV,7.25
1055,2011,WY,5.15
1056,2012,AL,7.25
1057,2012,AR,6.25
1058,2012,AZ,7.65
1059,2012,CA,8.0
1060,2012,CO,7.64
1061,2012,CT,8.25
1062,2012,DE,7.25
1063,2012,FL,7.67
1064,2012,GA,5.15
1065,2012,HI,7.25
1066,2012,IA,7.25
1067,2012,ID,7.25
1068,2012,IL,8.25
1069,2012,IN,7.25
1070,2012,KS,7.25
1071,2012,KY,7.25
1072,2012,LA,7.25
1073,2012,MA,8.0
1074,2012,MD,7.25
1075,2012,ME,7.5
1076,2012,MI,7.4
1077,2012,MN,5.25
1078,2012,MO,7.25
1079,2012,MS,7.25
1080,2012,MT,4.0
1081,2012,NC,7.25
1082,2012,ND,7.25
1083,2012,NE,7.25
1084,2012,NH,7.25
1085,2012,NJ,7.25
1086,2012,NM,7.5
1087,2012,NV,7.25
1088,2012,NY,7.25
1089,2012,OH,7.7
1090,2012,OK,2.0
1091,2012,OR,8.8
1092,2012,PA,7.25
1093,2012,RI,7.4
1094,2012,SC,7.25
1095,2012,SD,7.25
1096,2012,TN,7.25
1097,2012,TX,7.25
1098,2012,UT,7.25
1099,2012,VA,7.25
1100,2012,WA,9.04
1101,2012,WI,7.25
1102,2012,WV,7.25
1103,2012,WY,5.15
1104,2013,AL,7.25
1105,2013,AR,6.25
1106,2013,AZ,7.8
1107,2013,CA,8.0
1108,2013,CO,7.78
1109,2013,CT,8.25
1110,2013,DE,7.25
1111,2013,FL,7.79
1112,2013,GA,5.15
1113,2013,HI,7.25
1114,2013,IA,7.25
1115,2013,ID,7.25
1116,2013,IL,8.25
1117,2013,IN,7.25
1118,2013,KS,7.25
1119,2013,KY,7.25
1120,2013,LA,7.25
1121,2013,MA,8.0
1122,2013,MD,7.25
1123,2013,ME,7.5
1124,2013,MI,7.4
1125,2013,MN,5.25
1126,2013,MO,7.35
1127,2013,MS,7.25
1128,2013,MT,4.0
1129,2013,NC,7.25
1130,2013,ND,7.25
1131,2013,NE,7.25
1132,2013,NH,7.25
1133,2013,NJ,7.25
1134,2013,NM,7.5
1135,2013,NV,7.25
1136,2013,NY,7.25
1137,2013,OH,7.85
1138,2013,OK,2.0
1139,2013,OR,8.95
1140,2013,PA,7.25
1141,2013,RI,7.75
1142,2013,SC,7.25
1143,2013,SD,7.25
1144,2013,TN,7.25
1145,2013,TX,7.25
1146,2013,UT,7.25
1147,2013,VA,7.25
1148,2013,WA,9.19
1149,2013,WI,7.25
1150,2013,WV,7.25
1151,2013,WY,5.15
1152,2014,AL,7.25
1153,2014,AR,6.25
1154,2014,AZ,7.9
1155,2014,CA,9.0
1156,2014,CO,8.0
1157,2014,CT,8.7
1158,2014,DE,7.75
1159,2014,FL,7.93
1160,2014,GA,5.15
1161,2014,HI,7.25
1162,2014,IA,7.25
1163,2014,ID,7.25
1164,2014,IL,8.25
1165,2014,IN,7.25
1166,2014,KS,7.25
1167,2014,KY,7.25
1168,2014,LA,7.25
1169,2014,MA,8.0
1170,2014,MD,7.25
1171,2014,ME,7.5
1172,2014,MI,8.15
1173,2014,MN,6.5
1174,2014,MO,7.5
1175,2014,MS,7.25
1176,2014,MT,7.9
1177,2014,NC,7.25
1178,2014,ND,7.25
1179,2014,NE,7.25
1180,2014,NH,7.25
1181,2014,NJ,8.25
1182,2014,NM,7.5
1183,2014,NV,7.25
1184,2014,NY,8.0
1185,2014,OH,7.25
1186,2014,OK,2.0
1187,2014,OR,9.1
1188,2014,PA,7.25
1189,2014,RI,8.0
1190,2014,SC,7.25
1191,2014,SD,7.25
1192,2014,TN,7.25
1193,2014,TX,7.25
1194,2014,UT,7.25
1195,2014,VA,7.25
1196,2014,WA,9.32
1197,2014,WI,7.25
1198,2014,WV,7.25
1199,2014,WY,5.15
1200,2015,AL,7.25
1201,2015,AR,7.5
1202,2015,AZ,8.05
1203,2015,CA,9.0
1204,2015,CO,8.23
1205,2015,CT,9.15
1206,2015,DE,8.25
1207,2015,FL,8.05
1208,2015,GA,5.15
1209,2015,HI,7.75
1210,2015,IA,7.25
1211,2015,ID,7.25
1212,2015,IL,8.25
1213,2015,IN,7.25
1214,2015,KS,7.25
1215,2015,KY,7.25
1216,2015,LA,7.25
1217,2015,MA,9.0
1218,2015,MD,8.25
1219,2015,ME,7.5
1220,2015,MI,8.15
1221,2015,MN,7.25
1222,2015,MO,7.65
1223,2015,MS,7.25
1224,2015,MT,8.05
1225,2015,NC,7.25
1226,2015,ND,7.25
1227,2015,NE,8.0
1228,2015,NH,7.25
1229,2015,NJ,8.38
1230,2015,NM,7.5
1231,2015,NV,7.25
1232,2015,NY,8.75
1233,2015,OH,7.25
1234,2015,OK,2.0
1235,2015,OR,9.25
1236,2015,PA,7.25
1237,2015,RI,9.0
1238,2015,SC,7.25
1239,2015,SD,8.5
1240,2015,TN,7.25
1241,2015,TX,7.25
1242,2015,UT,7.25
1243,2015,VA,7.25
1244,2015,WA,9.47
1245,2015,WI,7.25
1246,2015,WV,8.0
1247,2015,WY,5.15
1248,2016,AL,7.25
1249,2016,AR,8.0
1250,2016,AZ,8.05
1251,2016,CA,10.0
1252,2016,CO,8.31
1253,2016,CT,9.6
1254,2016,DE,8.25
1255,2016,FL,8.05
1256,2016,GA,5.15
1257,2016,HI,8.5
1258,2016,IA,7.25
1259,2016,ID,7.25
1260,2016,IL,8.25
1261,2016,IN,7.25
1262,2016,KS,7.25
1263,2016,KY,7.25
1264,2016,LA,7.25
1265,2016,MA,10.0
1266,2016,MD,8.75
1267,2016,ME,7.5
1268,2016,MI,8.5
1269,2016,MN,7.25
1270,2016,MO,7.65
1271,2016,MS,7.25
1272,2016,MT,8.05
1273,2016,NC,7.25
1274,2016,ND,7.25
1275,2016,NE,9.0
1276,2016,NH,7.25
1277,2016,NJ,8.38
1278,2016,NM,7.5
1279,2016,NV,7.25
1280,2016,NY,9.0
1281,2016,OH,7.25
1282,2016,OK,2.0
1283,2016,OR,9.75
1284,2016,PA,7.25
1285,2016,RI,9.6
1286,2016,SC,7.25
1287,2016,SD,8.55
1288,2016,TN,7.25
1289,2016,TX,7.25
1290,2016,UT,7.25
1291,2016,VA,7.25
1292,2016,WA,9.47
1293,2016,WI,7.25
1294,2016,WV,8.75
1295,2016,WY,5.15
1296,2017,AL,7.25
1297,2017,AR,8.5
1298,2017,AZ,10.0
1299,2017,CA,10.0
1300,2017,CO,9.3
1301,2017,CT,10.1
1302,2017,DE,8.25
1303,2017,FL,8.1
1304,2017,GA,5.15
1305,2017,HI,9.25
1306,2017,IA,7.25
1307,2017,ID,7.25
1308,2017,IL,8.25
1309,2017,IN,7.25
1310,2017,KS,7.25
1311,2017,KY,7.25
1312,2017,LA,7.25
1313,2017,MA,11.0
1314,2017,MD,8.75
1315,2017,ME,9.0
1316,2017,MI,8.9
1317,2017,MN,7.75
1318,2017,MO,7.7
1319,2017,MS,7.25
1320,2017,MT,8.15
1321,2017,NC,7.25
1322,2017,ND,7.25
1323,2017,NE,9.0
1324,2017,NH,7.25
1325,2017,NJ,8.44
1326,2017,NM,7.5
1327,2017,NV,7.25
1328,2017,NY,9.7
1329,2017,OH,8.15
1330,2017,OK,2.0
1331,2017,OR,9.75
1332,2017,PA,7.25
1333,2017,RI,9.6
1334,2017,SC,7.25
1335,2017,SD,8.65
1336,2017,TN,7.25
1337,2017,TX,7.25
1338,2017,UT,7.25
1339,2017,VA,7.25
1340,2017,WA,11.0
1341,2017,WI,7.25
1342,2017,WV,8.75
1343,2017,WY,5.15
1344,2018,AL,7.25
1345,2018,AR,8.5
1346,2018,AZ,10.5
1347,2018,CA,11.0
1348,2018,CO,10.2
1349,2018,CT,10.1
1350,2018,DE,8.25
1351,2018,FL,8.25
1352,2018,GA,5.15
1353,2018,HI,10.1
1354,2018,IA,7.25
1355,2018,ID,7.25
1356,2018,IL,8.25
1357,2018,IN,7.25
1358,2018,KS,7.25
1359,2018,KY,7.25
1360,2018,LA,7.25
1361,2018,MA,11.0
1362,2018,MD,10.1
1363,2018,ME,10.0
1364,2018,MI,9.25
1365,2018,MN,8.04
1366,2018,MO,7.85
1367,2018,MS,7.25
1368,2018,MT,8.3
1369,2018,NC,7.25
1370,2018,ND,7.25
1371,2018,NE,9.0
1372,2018,NH,7.25
1373,2018,NJ,8.6
1374,2018,NM,7.5
1375,2018,NV,7.25
1376,2018,NY,10.4
1377,2018,OH,8.3
1378,2018,OK,2.0
1379,2018,OR,10.75
1380,2018,PA,7.25
1381,2018,RI,10.1
1382,2018,SC,7.25
1383,2018,SD,8.85
1384,2018,TN,7.25
1385,2018,TX,7.25
1386,2018,UT,7.25
1387,2018,VA,7.25
1388,2018,WA,11.5
1389,2018,WI,7.25
1390,2018,WV,8.75
1391,2018,WY,5.15
1392,2019,AL,7.25
1393,2019,AR,9.25
1394,2019,AZ,12.0
1395,2019,CA,12.0
1396,2019,CO,12.0
1397,2019,CT,11.0
1398,2019,DE,9.25
1399,2019,FL,8.56
1400,2019,GA,5.15
1401,2019,HI,10.1
1402,2019,IA,7.25
1403,2019,ID,7.25
1404,2019,IL,9.25
1405,2019,IN,7.25
1406,2019,KS,7.25
1407,2019,KY,7.25
1408,2019,LA,7.25
1409,2019,MA,12.75
1410,2019,MD,11.0
1411,2019,ME,12.0
1412,2019,MI,9.65
1413,2019,MN,8.15
1414,2019,MO,9.45
1415,2019,MS,7.25
1416,2019,MT,8.65
1417,2019,NC,7.25
1418,2019,ND,7.25
1419,2019,NE,9.0
1420,2019,NH,7.25
1421,2019,NJ,11.0
1422,2019,NM,9.0
1423,2019,NV,7.25
1424,2019,NY,11.8
1425,2019,OH,8.7
1426,2019,OK,2.0
1427,2019,OR,11.25
1428,2019,PA,7.25
1429,2019,RI,10.5
1430,2019,SC,7.25
1431,2019,SD,9.3
1432,2019,TN,7.25
1433,2019,TX,7.25
1434,2019,UT,7.25
1435,2019,VA,7.25
1436,2019,WA,13.5
1437,2019,WI,7.25
1438,2019,WV,8.75
1439,2019,WY,5.15
1440,2020,AL,7.25
1441,2020,AR,10.0
1442,2020,AZ,12.0
1443,2020,CA,13.0
1444,2020,CO,12.0
1445,2020,CT,11.0
1446,2020,DE,9.25
1447,2020,FL,8.56
1448,2020,GA,5.15
1449,2020,HI,10.1
1450,2020,IA,7.25
1451,2020,ID,7.25
1452,2020,IL,9.25
1453,2020,IN,7.25
1454,2020,KS,7.25
1455,2020,KY,7.25
1456,2020,LA,7.25
1457,2020,MA,12.75
1458,2020,MD,11.0
1459,2020,ME,12.0
1460,2020,MI,9.65
1461,2020,MN,8.15
1462,2020,MO,9.45
1463,2020,MS,7.25
1464,2020,MT,8.65
1465,2020,NC,7.25
1466,2020,ND,7.25
1467,2020,NE,9.0
1468,2020,NH,7.25
1469,2020,NJ,11.0
1470,2020,NM,9.0
1471,2020,NV,7.25
1472,2020,NY,11.8
1473,2020,OH,8.7
1474,2020,OK,2.0
1475,2020,OR,11.25
1476,2020,PA,7.25
1477,2020,RI,10.5
1478,2020,SC,7.25
1479,2020,SD,9.3
1480,2020,TN,7.25
1481,2020,TX,7.25
1482,2020,UT,7.25
1483,2020,VA,7.25
1484,2020,WA,13.5
1485,2020,WI,7.25
1486,2020,WV,8.75
1487,2020,WY,5.15
1488,2021,AL,7.25
1489,2021,AR,11.0
1490,2021,AZ,12.15
1491,2021,CA,14.0
1492,2021,CO,12.32
1493,2021,CT,13.0
1494,2021,DE,9.25
1495,2021,FL,10.0
1496,2021,GA,7.25
1497,2021,HI,10.1
1498,2021,IA,7.25
1499,2021,ID,7.25
1500,2021,IL,11.0
1501,2021,IN,7.25
1502,2021,KS,7.25
1503,2021,KY,7.25
1504,2021,LA,7.25
1505,2021,MA,13.5
1506,2021,MD,11.75
1507,2021,ME,12.15
1508,2021,MI,9.65
1509,2021,MN,8.21
1510,2021,MO,10.3
1511,2021,MS,7.25
1512,2021,MT,8.75
1513,2021,NC,7.25
1514,2021,ND,7.25
1515,2021,NE,9.0
1516,2021,NH,7.25
1517,2021,NJ,12.0
1518,2021,NM,10.5
1519,2021,NV,8.75
1520,2021,NY,12.5
1521,2021,OH,7.25
1522,2021,OK,7.25
1523,2021,OR,12.75
1524,2021,PA,7.25
1525,2021,RI,11.5
1526,2021,SC,7.25
1527,2021,SD,9.45
1528,2021,TN,7.25
1529,2021,TX,7.25
1530,2021,UT,7.25
1531,2021,VA,9.5
1532,2021,WA,13.69
1533,2021,WI,7.25
1534,2021,WV,7.25
1535,2021,WY,7.25
1536,2022,AL,7.25
1537,2022,AR,11.0
1538,2022,AZ,12.8
1539,2022,CA,15.0
1540,2022,CO,12.56
1541,2022,CT,14.0
1542,2022,DE,10.5
1543,2022,FL,11.0
1544,2022,GA,7.25
1545,2022,HI,10.1
1546,2022,IA,7.25
1547,2022,ID,7.25
1548,2022,IL,12.0
1549,2022,IN,7.25
1550,2022,KS,7.25
1551,2022,KY,7.25
1552,2022,LA,7.25
1553,2022,MA,14.25
1554,2022,MD,12.5
1555,2022,ME,12.75
1556,2022,MI,9.87
1557,2022,MN,8.42
1558,2022,MO,11.15
1559,2022,MS,7.25
1560,2022,MT,9.2
1561,2022,NC,7.25
1562,2022,ND,7.25
1563,2022,NE,9.0
1564,2022,NH,7.25
1565,2022,NJ,11.9
1566,2022,NM,11.5
1567,2022,NV,9.5
1568,2022,NY,13.2
1569,2022,OH,7.25
1570,2022,OK,7.25
1571,2022,OR,13.5
1572,2022,PA,7.25
1573,2022,RI,12.25
1574,2022,SC,7.25
1575,2022,SD,9.95
1576,2022,TN,7.25
1577,2022,TX,7.25
1578,2022,UT,7.25
1579,2022,VA,11.0
1580,2022,WA,14.49
1581,2022,WI,7.25
1582,2022,WV,7.25
1583,2022,WY,7.25
